Group,Booking value (CAD)
Free-cancel banner,
Free-cancel banner,
Free-cancel banner,
Control,
Control,
Free-cancel banner,
Free-cancel banner,
Free-cancel banner,
Control,
Free-cancel banner,
Free-cancel banner,
Control,
Control,
Free-cancel banner,
Control,
Control,
Free-cancel banner,
Control,
Free-cancel banner,
Control,
Control,
Control,
Free-cancel banner,
Free-cancel banner,
Control,
Free-cancel banner,
Free-cancel banner,
Control,
Control,
Free-cancel banner,
Free-cancel banner,$225.31
Free-cancel banner,
Free-cancel banner,
Control,
Control,
Free-cancel banner,
Control,
Free-cancel banner,
Control,
Free-cancel banner,
Free-cancel banner,
Control,
Free-cancel banner,
Free-cancel banner,
Free-cancel banner,
Control,
Control,
Free-cancel banner,
Free-cancel banner,
Free-cancel banner,
Free-cancel banner,
Control,
Control,
Control,
Free-cancel banner,
Free-cancel banner,
Control,
Control,
Control,
Free-cancel banner,
Control,
Free-cancel banner,
Control,
Free-cancel banner,
Free-cancel banner,
Control,
Control,
Free-cancel banner,
Control,
Free-cancel banner,
Free-cancel banner,
Control,
Free-cancel banner,
Control,$386.08
Free-cancel banner,
Free-cancel banner,
Control,
Control,
Control,
Control,
Free-cancel banner,
Free-cancel banner,
Control,
Free-cancel banner,
Free-cancel banner,
Control,
Free-cancel banner,$187.63
Free-cancel banner,
Control,
Control,
Free-cancel banner,
Free-cancel banner,
Control,
Control,
Control,
Control,
Control,
Control,
Free-cancel banner,
Control,
Free-cancel banner,
Free-cancel banner,
Control,
Control,
Free-cancel banner,
Control,
Control,
Control,
Free-cancel banner,
Control,
Control,
Free-cancel banner,
Control,
Control,
Free-cancel banner,
Control,"1121,77"
Control,
Control,
Free-cancel banner,
Control,
Free-cancel banner,
Control,650.52
Control,
Free-cancel banner,
Free-cancel banner,
Free-cancel banner,
Free-cancel banner,
Control,
Free-cancel banner,
Control,
Control,
Free-cancel banner,
Control,
Control,
Control,
Free-cancel banner,
Control,
Control,
Control,
Free-cancel banner,
Free-cancel banner,
Free-cancel banner,$519.16
Free-cancel banner,
Free-cancel banner,
Free-cancel banner,"$1,088.36"
Control,
Free-cancel banner,
Control,
Control,
Control,
Control,
Control,
Free-cancel banner,
Control,
Control,
Free-cancel banner,
Control,
Control,
Free-cancel banner,
Free-cancel banner,
Control,
Control,
Control,
Free-cancel banner,
Control,
Control,
Control,
Control,
Free-cancel banner,580.46
Free-cancel banner,
Free-cancel banner,
Control,
Free-cancel banner,
Free-cancel banner,(398.42)
Control,
Free-cancel banner,
Control,
Free-cancel banner,
Control,
Free-cancel banner,
Free-cancel banner,
Free-cancel banner,
Control,
Free-cancel banner,
Control,
Control,
Free-cancel banner,
Control,
Free-cancel banner,
Free-cancel banner,
Control,
Control,
Free-cancel banner,
Free-cancel banner,
Free-cancel banner,
Free-cancel banner,
Control,
Free-cancel banner,
Free-cancel banner,
Free-cancel banner,
Control,
Control,
Control,
Free-cancel banner,
Free-cancel banner,
Free-cancel banner,
Free-cancel banner,
Control,
Control,
Control,
Control,
Free-cancel banner,
Free-cancel banner,
Control,
Free-cancel banner,
Free-cancel banner,
Control,
Free-cancel banner,
Free-cancel banner,
Control,
Free-cancel banner,
Control,
Free-cancel banner,
Free-cancel banner,
Free-cancel banner,
Control,
Free-cancel banner,
Free-cancel banner,
Control,
Control,
Control,
Control,
Control,
Free-cancel banner,
Control,
Free-cancel banner,
Control,$458.70
Control,
Control,
Control,
Control,
Free-cancel banner,
Free-cancel banner,
Free-cancel banner,
Free-cancel banner,
Free-cancel banner,
Control,
Free-cancel banner,
Control,
Control,
Free-cancel banner,
Free-cancel banner,
Control,$430.63
Free-cancel banner,
Free-cancel banner,
Control,
Free-cancel banner,
Control,
Free-cancel banner,
Free-cancel banner,
Free-cancel banner,
Free-cancel banner,
Free-cancel banner,
Free-cancel banner,
Control,
Control,
Control,
Control,
Free-cancel banner,
Control,
Free-cancel banner,
Free-cancel banner,432.21
Control,
Free-cancel banner,
Free-cancel banner,
Free-cancel banner,
Free-cancel banner,
Free-cancel banner,
Control,
Control,
Free-cancel banner,
Free-cancel banner,
Free-cancel banner,
Free-cancel banner,
Free-cancel banner,
Free-cancel banner,
Control,
Control,
Control,
Free-cancel banner,
Free-cancel banner,
Free-cancel banner,
Free-cancel banner,
Free-cancel banner,
Free-cancel banner,
Free-cancel banner,
Free-cancel banner,
Control,
Free-cancel banner,
Control,
Control,
Control,
Control,
Control,
Free-cancel banner,
Control,405.66
Free-cancel banner,
Free-cancel banner,
Control,
Control,
Free-cancel banner,$204.83
Free-cancel banner,
Free-cancel banner,
Free-cancel banner,
Free-cancel banner,
Free-cancel banner,
Free-cancel banner,
Control,
Free-cancel banner,
Free-cancel banner,
Control,
Free-cancel banner,
Free-cancel banner,281.28
Free-cancel banner,
Control,
Control,
Control,
Control,
Control,
Free-cancel banner,
Free-cancel banner,
Control,
Control,
Free-cancel banner,
Free-cancel banner,
Control,
Free-cancel banner,
Control,
Control,
Control,
Control,
Control,
Control,
Free-cancel banner,
Free-cancel banner,
Control,$914.65
Control,
Control,
Free-cancel banner,
Control,
Free-cancel banner,
Control,
Free-cancel banner,
Control,
Control,
Control,
Control,
Control,
Control,
Free-cancel banner,
Free-cancel banner,
Control,
Free-cancel banner,
Free-cancel banner,
Control,
Free-cancel banner,
Control,
Control,
Free-cancel banner,
Control,
Control,
Control,
Free-cancel banner,
Control,
Free-cancel banner,
Free-cancel banner,
Free-cancel banner,
Control,
Free-cancel banner,
Free-cancel banner,
Free-cancel banner,
Free-cancel banner,
Control,
Free-cancel banner,
Control,
Free-cancel banner,
Control,
Free-cancel banner,
Control,
Free-cancel banner,
Free-cancel banner,
Free-cancel banner,
Free-cancel banner,
Free-cancel banner,
Control,
Free-cancel banner,
Control,
Control,
Control,
Free-cancel banner,
Free-cancel banner,
Control,
Free-cancel banner,
Control,
Free-cancel banner,
Free-cancel banner,
Control,
Free-cancel banner,
Control,
Free-cancel banner,
Free-cancel banner,
Free-cancel banner,
Control,
Free-cancel banner,
Free-cancel banner,
Free-cancel banner,
Free-cancel banner,
Control,
Free-cancel banner,
Free-cancel banner,
Control,
Free-cancel banner,
Free-cancel banner,
Control,
Free-cancel banner,
Free-cancel banner,
Control,
Free-cancel banner,
Control,
Control,
Control,
Free-cancel banner,445.97
Control,
Free-cancel banner,
Control,
Control,
Free-cancel banner,
Free-cancel banner,
Free-cancel banner,
Control,
Control,
Control,
Control,
Control,
Free-cancel banner,
Control,
Free-cancel banner,
Free-cancel banner,$472.73
Free-cancel banner,
Control,
Free-cancel banner,
Control,
Free-cancel banner,
Control,
Free-cancel banner,
Control,
Free-cancel banner,
Control,$456.03
Free-cancel banner,
Free-cancel banner,
Control,
Free-cancel banner,
Free-cancel banner,256.54
Control,
Control,
Control,
Control,
Free-cancel banner,
Free-cancel banner,
Control,
Control,
Free-cancel banner,
Free-cancel banner,
Control,
Free-cancel banner,
Free-cancel banner,$316.13
Control,$970.88
Free-cancel banner,
Free-cancel banner,$265.29
Free-cancel banner,
Free-cancel banner,
Free-cancel banner,
Control,
Free-cancel banner,
Control,
Control,
Control,
Control,
Free-cancel banner,
Control,
Free-cancel banner,
Free-cancel banner,389.61
Free-cancel banner,
Free-cancel banner,
Control,
Control,
Free-cancel banner,
Control,
Control,
Free-cancel banner,
Control,
Free-cancel banner,
Control,
Free-cancel banner,
Control,
Free-cancel banner,
Free-cancel banner,
Control,
Control,
Free-cancel banner,
Control,
Control,
Free-cancel banner,
Free-cancel banner,
Free-cancel banner,
Free-cancel banner,"1038,95"
Control,
Free-cancel banner,
Control,
Free-cancel banner,
Free-cancel banner,
Free-cancel banner,
Control,
Free-cancel banner,
Control,
Control,
Free-cancel banner,
Free-cancel banner,
Control,
Free-cancel banner,
Control,
Free-cancel banner,
Control,
Free-cancel banner,
Free-cancel banner,
Control,
Free-cancel banner,
Control,
Free-cancel banner,
Control,
Free-cancel banner,
Free-cancel banner,
Control,
Free-cancel banner,
Free-cancel banner,
Free-cancel banner,
Control,
Free-cancel banner,
Control,
Free-cancel banner,
Free-cancel banner,
Control,
Control,
Control,
Control,
Control,
Control,$716.06
Free-cancel banner,
Control,
Free-cancel banner,
Control,$376.55
Control,
Control,
Free-cancel banner,
Free-cancel banner,
Free-cancel banner,
Control,
Free-cancel banner,
Control,"229,04"
Control,
Free-cancel banner,
Free-cancel banner,
Free-cancel banner,
Control,
Control,
Control,
Free-cancel banner,"747,90"
Control,
Control,
Free-cancel banner,
Control,
Control,
Control,
Free-cancel banner,
Control,$373.73
Control,
Free-cancel banner,
Control,
Free-cancel banner,
Control,
Control,
Control,
Free-cancel banner,
Control,
Control,1639.21
Free-cancel banner,154.65
Free-cancel banner,
Control,
Free-cancel banner,
Control,
Free-cancel banner,
Free-cancel banner,
Free-cancel banner,
Control,
Free-cancel banner,
Free-cancel banner,
Control,
Free-cancel banner,
Control,710.36
Control,
Free-cancel banner,
Free-cancel banner,
Free-cancel banner,
Free-cancel banner,
Free-cancel banner,
Control,
Control,
Control,
Free-cancel banner,404.75
Free-cancel banner,
Control,
Control,
Control,
Control,
Free-cancel banner,
Free-cancel banner,364.74
Free-cancel banner,
Free-cancel banner,
Free-cancel banner,
Free-cancel banner,
Free-cancel banner,
Free-cancel banner,
Control,
Control,
Control,
Free-cancel banner,
Control,
Free-cancel banner,
Control,
Control,
Control,
Control,
Free-cancel banner,
Control,
Control,
Free-cancel banner,
Free-cancel banner,
Free-cancel banner,
Control,
Free-cancel banner,443.72
Control,
Free-cancel banner,
Control,
Control,
Free-cancel banner,
Free-cancel banner,
Control,
Free-cancel banner,
Control,
Control,
Free-cancel banner,
Control,
Control,
Control,
Control,
Free-cancel banner,
Control,
Free-cancel banner,
Control,
Free-cancel banner,
Free-cancel banner,
Free-cancel banner,
Free-cancel banner,
Control,
Free-cancel banner,
Control,
Free-cancel banner,
Control,
Free-cancel banner,
Control,
Free-cancel banner,
Control,
Control,
Free-cancel banner,
Free-cancel banner,
Control,
Free-cancel banner,
Free-cancel banner,
Free-cancel banner,
Control,
Control,
Free-cancel banner,$518.07
Control,
Free-cancel banner,
Free-cancel banner,
Control,
Control,$548.95
Control,
Free-cancel banner,
Control,
Control,
Control,
Control,
Control,
Free-cancel banner,
Control,
Control,
Control,
Control,
Control,
Free-cancel banner,
Free-cancel banner,
Control,
Control,
Control,
Control,
Free-cancel banner,
Control,
Free-cancel banner,$400.53
Free-cancel banner,
Free-cancel banner,
Control,
Control,
Control,
Control,
Free-cancel banner,
Free-cancel banner,
Free-cancel banner,
Free-cancel banner,
Control,
Control,
Control,
Control,
Free-cancel banner,
Control,
Free-cancel banner,
Free-cancel banner,
Free-cancel banner,
Free-cancel banner,
Free-cancel banner,
Control,
Free-cancel banner,
Free-cancel banner,
Free-cancel banner,
Free-cancel banner,
Free-cancel banner,
Free-cancel banner,
Control,
Free-cancel banner,
Control,
Control,
Free-cancel banner,
Control,
Control,
Free-cancel banner,
Control,
Control,
Free-cancel banner,
Free-cancel banner,
Free-cancel banner,
Control,
Control,
Control,
Control,
Control,
Control,
Free-cancel banner,
Free-cancel banner,
Free-cancel banner,
Control,
Free-cancel banner,
Control,
Free-cancel banner,
Control,
Control,
Free-cancel banner,
Control,
Free-cancel banner,
Free-cancel banner,
Control,
Free-cancel banner,
Free-cancel banner,
Control,
Control,
Free-cancel banner,
Control,
Free-cancel banner,
Free-cancel banner,
Control,923.63
Free-cancel banner,
Control,550.79
Control,
Control,
Free-cancel banner,
Free-cancel banner,
Control,
Free-cancel banner,
Control,
Free-cancel banner,
Free-cancel banner,
Free-cancel banner,
Free-cancel banner,
Control,
Free-cancel banner,
Free-cancel banner,
Control,
Control,
Control,
Control,
Control,
Control,
Free-cancel banner,
Free-cancel banner,
Free-cancel banner,
Control,
Free-cancel banner,
Control,
Free-cancel banner,
Control,
Control,708.39
Control,
Control,
Control,
Control,
Control,
Control,
Free-cancel banner,
Free-cancel banner,
Free-cancel banner,
Free-cancel banner,
Control,
Free-cancel banner,
Control,"$1,454.60"
Control,
Control,
Free-cancel banner,
Free-cancel banner,
Control,
Free-cancel banner,
Control,
Control,
Free-cancel banner,
Free-cancel banner,
Free-cancel banner,
Control,
Free-cancel banner,
Control,
Free-cancel banner,
Control,
Free-cancel banner,
Control,
Control,
Control,
Control,
Control,
Control,572.7
Control,
Control,
Control,
Control,
Control,
Control,624.47
Control,
Control,
Free-cancel banner,
Control,
Control,
Control,
Free-cancel banner,"$1,284.37"
Control,
Control,
Control,
Control,
Free-cancel banner,
Control,
Free-cancel banner,
Control,
Control,
Control,
Free-cancel banner,
Free-cancel banner,
Control,
Control,
Control,
Control,$739.85
Control,
Free-cancel banner,
Free-cancel banner,
Free-cancel banner,
Control,
Control,
Control,
Free-cancel banner,
Control,
Control,
Free-cancel banner,
Free-cancel banner,
Free-cancel banner,
Control,
Control,
Control,
Free-cancel banner,
Control,
Control,
Free-cancel banner,
Control,
Control,
Control,
Free-cancel banner,
Free-cancel banner,
Free-cancel banner,
Free-cancel banner,
Control,
Control,320.03
Control,
Control,
Free-cancel banner,
Control,
Control,
Control,
Free-cancel banner,
Control,
Control,
Free-cancel banner,
Control,
Control,
Free-cancel banner,
Free-cancel banner,
Free-cancel banner,
Control,
Free-cancel banner,
Free-cancel banner,
Control,
Free-cancel banner,
Control,
Free-cancel banner,
Free-cancel banner,
Control,
Control,
Free-cancel banner,
Free-cancel banner,
Free-cancel banner,
Free-cancel banner,
Control,
Control,
Free-cancel banner,
Control,
Free-cancel banner,
Free-cancel banner,
Control,
Control,
Control,
Free-cancel banner,
Free-cancel banner,
Control,
Free-cancel banner,
Control,
Control,
Control,
Free-cancel banner,
Free-cancel banner,
Free-cancel banner,1041.89
Free-cancel banner,
Free-cancel banner,
Free-cancel banner,
Control,
Free-cancel banner,
Control,
Free-cancel banner,
Control,
Free-cancel banner,
Free-cancel banner,
Free-cancel banner,
Free-cancel banner,$516.39
Free-cancel banner,
Control,
Free-cancel banner,
Control,
Control,
Control,
Free-cancel banner,
Free-cancel banner,
Control,
Free-cancel banner,
Free-cancel banner,
Free-cancel banner,
Free-cancel banner,
Free-cancel banner,
Control,
Free-cancel banner,
Control,
Free-cancel banner,
Free-cancel banner,
Free-cancel banner,
Control,
Free-cancel banner,
Free-cancel banner,
Free-cancel banner,
Control,
Control,
Free-cancel banner,
Free-cancel banner,
Control,
Control,
Free-cancel banner,
Free-cancel banner,
Control,
Control,
Free-cancel banner,
Free-cancel banner,
Control,
Control,
Free-cancel banner,
Free-cancel banner,
Control,
Free-cancel banner,
Free-cancel banner,
Control,
Control,
Control,
Free-cancel banner,
Control,
Free-cancel banner,
Control,
Control,
Free-cancel banner,
Free-cancel banner,
Free-cancel banner,409.88
Free-cancel banner,
Free-cancel banner,
Control,
Free-cancel banner,
Control,
Free-cancel banner,
Control,
Free-cancel banner,
Free-cancel banner,
Control,
Control,
Control,
Control,
Control,
Free-cancel banner,
Free-cancel banner,
Free-cancel banner,
Free-cancel banner,
Control,
Control,
Free-cancel banner,
Free-cancel banner,
Control,
Control,
Free-cancel banner,
Free-cancel banner,
Free-cancel banner,
Control,
Control,
Free-cancel banner,
Control,
Control,
Free-cancel banner,
Control,
Control,
Free-cancel banner,
Free-cancel banner,
Free-cancel banner,$384.67
Free-cancel banner,
Control,
Free-cancel banner,
Free-cancel banner,
Control,
Control,
Control,
Control,
Control,
Control,
Free-cancel banner,$411.88
Free-cancel banner,
Free-cancel banner,
Free-cancel banner,
Control,
Control,
Free-cancel banner,
Free-cancel banner,
Control,
Control,
Control,
Control,
Control,
Free-cancel banner,
Free-cancel banner,
Free-cancel banner,
Free-cancel banner,
Free-cancel banner,
Free-cancel banner,
Control,
Free-cancel banner,
Free-cancel banner,
Control,
Control,
Control,
Free-cancel banner,
Control,
Control,892.75
Free-cancel banner,
Free-cancel banner,
Free-cancel banner,
Control,
Free-cancel banner,
Free-cancel banner,
Free-cancel banner,$589.22
Free-cancel banner,
Free-cancel banner,
Control,
Free-cancel banner,
Free-cancel banner,
Control,
Free-cancel banner,357.77
Control,
Control,
Free-cancel banner,
Free-cancel banner,
Control,
Free-cancel banner,
Control,
Control,
Free-cancel banner,
Control,
Control,
Control,
Control,
Control,
Free-cancel banner,
Free-cancel banner,
Free-cancel banner,
Control,
Control,
Free-cancel banner,
Control,
Free-cancel banner,
Control,
Free-cancel banner,
Control,
Free-cancel banner,
Free-cancel banner,
Control,
Free-cancel banner,$714.66
Free-cancel banner,
Free-cancel banner,
Control,
Control,
Control,
Control,
Free-cancel banner,
Free-cancel banner,
Free-cancel banner,
Free-cancel banner,
Control,
Free-cancel banner,
Control,
Control,
Control,
Free-cancel banner,
Free-cancel banner,
Control,
Free-cancel banner,
Free-cancel banner,
Free-cancel banner,
Free-cancel banner,
Free-cancel banner,
Free-cancel banner,
Control,
Control,
Control,
Free-cancel banner,
Free-cancel banner,
Control,
Free-cancel banner,
Free-cancel banner,
Control,
Free-cancel banner,
Free-cancel banner,
Control,
Free-cancel banner,
Control,
Control,
Control,
Control,
Free-cancel banner,
Free-cancel banner,
Control,
Free-cancel banner,
Control,
Free-cancel banner,
Free-cancel banner,$345.68
Free-cancel banner,
Free-cancel banner,
Control,
Control,
Free-cancel banner,
Control,"341,84"
Control,
Free-cancel banner,(680.44)
Free-cancel banner,
Free-cancel banner,
Control,
Control,
Control,
Control,
Control,
Free-cancel banner,
Free-cancel banner,
Control,
Control,$550.90
Control,
Control,
Control,
Free-cancel banner,
Free-cancel banner,
Free-cancel banner,
Free-cancel banner,"619,24"
Free-cancel banner,
Control,"$1,105.34"
Control,"471,74"
Free-cancel banner,
Free-cancel banner,
Control,
Control,
Free-cancel banner,
Control,
Control,
Control,
Control,
Free-cancel banner,
Control,
Free-cancel banner,
Control,
Control,
Free-cancel banner,
Control,
Control,
Control,
Control,
Control,
Control,
Control,
Control,
Control,
Control,
Control,
Control,
Free-cancel banner,
Control,
Free-cancel banner,
Free-cancel banner,
Free-cancel banner,
Free-cancel banner,
Control,
Control,
Free-cancel banner,$512.51
Control,
Control,
Free-cancel banner,
Control,
Control,
Control,
Control,
Control,
Free-cancel banner,
Free-cancel banner,
Control,
Free-cancel banner,
Control,
Free-cancel banner,
Control,
Free-cancel banner,
Control,
Free-cancel banner,
Control,
Control,
Control,
Control,261.85
Control,
Free-cancel banner,
Control,
Control,
Control,
Control,
Free-cancel banner,
Control,
Free-cancel banner,
Control,
Control,
Control,907.55
Free-cancel banner,
Free-cancel banner,
Control,
Free-cancel banner,
Control,
Free-cancel banner,
Free-cancel banner,
Free-cancel banner,
Control,
Control,
Control,
Control,
Free-cancel banner,
Control,
Free-cancel banner,
Free-cancel banner,
Free-cancel banner,
Free-cancel banner,
Free-cancel banner,
Control,
Control,
Free-cancel banner,
Free-cancel banner,$465.62
Control,
Free-cancel banner,697.55
Control,
Free-cancel banner,
Control,
Control,
Control,
Free-cancel banner,
Control,
Control,
Control,
Control,
Control,162.24
Free-cancel banner,
Free-cancel banner,
Control,
Free-cancel banner,
Control,
Control,
Free-cancel banner,
Free-cancel banner,
Control,
Free-cancel banner,
Free-cancel banner,
Free-cancel banner,
Control,
Control,
Free-cancel banner,
Free-cancel banner,"621,98"
Free-cancel banner,
Control,
Control,
Free-cancel banner,
Free-cancel banner,
Control,
Control,"$1,050.69"
Control,
Free-cancel banner,
Free-cancel banner,
Control,
Control,
Free-cancel banner,
Free-cancel banner,
Control,
Control,
Free-cancel banner,
Control,
Control,
Control,
Control,
Free-cancel banner,
Control,
Free-cancel banner,
Control,
Free-cancel banner,
Free-cancel banner,
Free-cancel banner,
Free-cancel banner,
Control,
Free-cancel banner,
Control,
Free-cancel banner,
Free-cancel banner,
Control,
Control,$477.15
Control,
Free-cancel banner,
Free-cancel banner,
Free-cancel banner,
Control,
Control,
Control,
Free-cancel banner,
Free-cancel banner,
Control,
Control,
Free-cancel banner,
Control,
Free-cancel banner,
Free-cancel banner,
Free-cancel banner,
Free-cancel banner,643.37
Free-cancel banner,
Control,
Control,
Free-cancel banner,
Free-cancel banner,
Free-cancel banner,
Control,520.52
Free-cancel banner,
Control,
Free-cancel banner,"$1,044.56"
Free-cancel banner,
Control,
Free-cancel banner,
Control,
Free-cancel banner,
Free-cancel banner,1389.16
Free-cancel banner,
Free-cancel banner,
Control,
Free-cancel banner,
Free-cancel banner,$247.41
Control,
Control,
Control,
Free-cancel banner,
Control,
Control,
Control,
Free-cancel banner,
Control,"571,51"
Free-cancel banner,
Control,
Control,
Free-cancel banner,
Control,
Control,
Control,$513.22
Control,
Free-cancel banner,
Free-cancel banner,
Free-cancel banner,
Free-cancel banner,
Free-cancel banner,
Control,
Free-cancel banner,
Control,
Control,
Control,$349.26
Control,
Free-cancel banner,
Control,
Control,
Control,
Control,
Free-cancel banner,
Control,
Free-cancel banner,
Free-cancel banner,
Control,
Free-cancel banner,
Control,
Control,
Free-cancel banner,
Control,
Free-cancel banner,
Free-cancel banner,251.37
Control,
Free-cancel banner,
Control,
Free-cancel banner,
Control,
Free-cancel banner,
Free-cancel banner,
Control,
Free-cancel banner,
Control,
Control,
Control,
Control,
Control,
Free-cancel banner,434.13
Free-cancel banner,
Free-cancel banner,
Control,
Free-cancel banner,
Free-cancel banner,
Control,
Control,
Free-cancel banner,
Control,
Control,
Control,
Control,
Control,
Free-cancel banner,
Control,
Free-cancel banner,
Free-cancel banner,
Control,
Free-cancel banner,
Free-cancel banner,
Control,
Free-cancel banner,
Control,
Free-cancel banner,
Free-cancel banner,
Free-cancel banner,
Control,
Free-cancel banner,
Control,
Control,
Control,
Free-cancel banner,
Free-cancel banner,
Free-cancel banner,
Control,
Free-cancel banner,
Free-cancel banner,
Free-cancel banner,
Free-cancel banner,
Free-cancel banner,
Free-cancel banner,$287.36
Free-cancel banner,
Control,
Free-cancel banner,
Free-cancel banner,
Control,
Free-cancel banner,
Free-cancel banner,
Control,
Control,
Control,
Free-cancel banner,
Control,
Control,
Control,
Control,
Control,
Control,
Free-cancel banner,
Free-cancel banner,
Free-cancel banner,
Free-cancel banner,
Control,
Free-cancel banner,
Free-cancel banner,
Free-cancel banner,
Control,
Free-cancel banner,
Control,597.78
Free-cancel banner,
Control,
Control,
Free-cancel banner,
Free-cancel banner,
Free-cancel banner,
Free-cancel banner,
Control,
Control,
Free-cancel banner,
Free-cancel banner,
Free-cancel banner,
Free-cancel banner,
Free-cancel banner,
Control,
Free-cancel banner,
Control,
Free-cancel banner,
Control,
Control,
Free-cancel banner,
Control,
Free-cancel banner,
Control,
Free-cancel banner,
Free-cancel banner,
Free-cancel banner,
Control,
Free-cancel banner,
Control,
Free-cancel banner,
Free-cancel banner,
Free-cancel banner,
Control,
Free-cancel banner,
Free-cancel banner,
Control,
Free-cancel banner,
Free-cancel banner,
Free-cancel banner,
Free-cancel banner,
Free-cancel banner,
Control,
Free-cancel banner,
Control,
Free-cancel banner,
Control,
Free-cancel banner,
Control,
Control,
Control,
Free-cancel banner,
Free-cancel banner,
Control,
Free-cancel banner,
Control,
Free-cancel banner,
Control,
Free-cancel banner,
Control,
Free-cancel banner,
Free-cancel banner,
Control,
Control,
Control,
Free-cancel banner,
Free-cancel banner,
Free-cancel banner,
Free-cancel banner,
Control,
Control,
Free-cancel banner,
Control,
Free-cancel banner,
Free-cancel banner,
Free-cancel banner,
Control,
Control,
Control,
Free-cancel banner,
Free-cancel banner,
Free-cancel banner,
Free-cancel banner,$972.25
Free-cancel banner,
Control,
Free-cancel banner,221.27
Control,
Free-cancel banner,
Free-cancel banner,
Free-cancel banner,
Control,
Free-cancel banner,
Free-cancel banner,
Control,
Free-cancel banner,580.1
Free-cancel banner,
Free-cancel banner,
Control,
Free-cancel banner,
Control,
Free-cancel banner,
Control,
Control,
Free-cancel banner,
Control,
Control,
Control,$378.09
Free-cancel banner,
Control,$297.02
Free-cancel banner,
Control,
Free-cancel banner,
Control,
Control,
Control,
Free-cancel banner,
Control,
Control,
Control,198.07
Free-cancel banner,
Free-cancel banner,
Free-cancel banner,
Control,
Free-cancel banner,
Control,
Control,$651.53
Control,
Free-cancel banner,
Free-cancel banner,
Free-cancel banner,
Free-cancel banner,
Free-cancel banner,
Control,
Control,
Control,
Control,
Free-cancel banner,
Control,258.49
Free-cancel banner,
Control,
Free-cancel banner,
Control,
Free-cancel banner,
Control,
Free-cancel banner,
Free-cancel banner,
Control,
Control,
Free-cancel banner,
Free-cancel banner,
Free-cancel banner,
Control,
Free-cancel banner,
Control,
Free-cancel banner,
Control,
Control,
Free-cancel banner,
Free-cancel banner,
Control,551.94
Control,
Control,
Free-cancel banner,
Free-cancel banner,
Control,
Control,
Free-cancel banner,
Free-cancel banner,
Control,$368.66
Control,$521.75
Free-cancel banner,
Free-cancel banner,$769.51
Free-cancel banner,
Free-cancel banner,1355.46
Control,
Control,
Free-cancel banner,
Free-cancel banner,
Control,
Control,
Free-cancel banner,
Free-cancel banner,"$1,056.96"
Control,
Control,
Free-cancel banner,
Control,
Control,
Control,
Free-cancel banner,
Free-cancel banner,
Control,
Free-cancel banner,
Control,
Free-cancel banner,
Control,
Control,
Free-cancel banner,
Control,
Free-cancel banner,
Control,
Control,
Free-cancel banner,
Free-cancel banner,$643.75
Free-cancel banner,
Free-cancel banner,$250.93
Control,
Free-cancel banner,$395.16
Control,
Control,
Control,
Free-cancel banner,
Free-cancel banner,1200.66
Control,
Free-cancel banner,$446.69
Free-cancel banner,
Control,
Control,643.79
Free-cancel banner,
Free-cancel banner,576.96
Control,
Control,
Control,
Control,
Control,
Control,
Control,
Free-cancel banner,
Free-cancel banner,
Free-cancel banner,
Control,
Control,
Free-cancel banner,
Free-cancel banner,
Free-cancel banner,
Control,
Control,
Control,
Control,
Free-cancel banner,
Control,
Free-cancel banner,
Free-cancel banner,
Free-cancel banner,349.0
Free-cancel banner,
Control,
Free-cancel banner,
Free-cancel banner,"667,05"
Control,
Control,
Free-cancel banner,
Control,
Control,
Control,
Free-cancel banner,
Control,
Free-cancel banner,
Control,
Control,
Control,
Control,
Free-cancel banner,
Control,
Control,
Control,
Free-cancel banner,
Control,
Control,
Free-cancel banner,
Free-cancel banner,
Control,
Control,
Free-cancel banner,
Control,
Control,
Free-cancel banner,
Free-cancel banner,
Control,
Free-cancel banner,
Control,
Control,
Control,
Control,
Control,
Control,
Control,
Control,
Free-cancel banner,
Free-cancel banner,
Control,
Free-cancel banner,
Free-cancel banner,
Control,
Control,
Control,
Control,
Free-cancel banner,
Control,
Free-cancel banner,
Free-cancel banner,
Free-cancel banner,
Free-cancel banner,
Control,
Control,
Control,
Free-cancel banner,
Free-cancel banner,
Free-cancel banner,
Free-cancel banner,
Free-cancel banner,
Free-cancel banner,
Free-cancel banner,509.2
Control,
Control,
Control,
Control,
Control,
Control,
Free-cancel banner,
Control,
Control,
Control,
Control,
Free-cancel banner,
Free-cancel banner,
Free-cancel banner,
Free-cancel banner,
Free-cancel banner,
Control,
Free-cancel banner,
Free-cancel banner,
Control,
Free-cancel banner,
Control,
Free-cancel banner,
Free-cancel banner,
Control,
Free-cancel banner,
Control,
Free-cancel banner,
Free-cancel banner,1416.48
Free-cancel banner,
Control,
Free-cancel banner,
Control,
Free-cancel banner,
Free-cancel banner,
Free-cancel banner,
Control,$349.11
Control,
Free-cancel banner,
Free-cancel banner,
Control,
Free-cancel banner,
Free-cancel banner,
Free-cancel banner,
Free-cancel banner,
Free-cancel banner,
Control,
Free-cancel banner,
Control,
Control,
Free-cancel banner,
Free-cancel banner,$317.82
Control,
Control,
Free-cancel banner,
Control,
Free-cancel banner,
Free-cancel banner,
Control,
Control,
Control,
Control,
Control,
Free-cancel banner,
Free-cancel banner,
Control,
Control,
Control,
Control,
Control,
Free-cancel banner,
Control,
Free-cancel banner,
Free-cancel banner,
Control,
Free-cancel banner,
Control,
Control,
Free-cancel banner,
Free-cancel banner,
Control,
Control,
Control,
Control,
Control,
Free-cancel banner,
Free-cancel banner,540.04
Control,
Control,
Free-cancel banner,
Control,
Control,
Free-cancel banner,
Free-cancel banner,
Free-cancel banner,
Control,
Free-cancel banner,
Control,
Free-cancel banner,
Free-cancel banner,
Control,
Control,
Control,
Free-cancel banner,
Control,
Control,
Control,"615,62"
Free-cancel banner,
Free-cancel banner,
Control,
Free-cancel banner,
Control,
Control,
Free-cancel banner,
Control,
Free-cancel banner,
Free-cancel banner,
Control,
Free-cancel banner,
Free-cancel banner,
Control,
Free-cancel banner,
Control,
Free-cancel banner,
Free-cancel banner,415.78
Control,
Control,
Free-cancel banner,
Control,
Free-cancel banner,
Free-cancel banner,
Control,
Free-cancel banner,
Free-cancel banner,
Free-cancel banner,
Free-cancel banner,
Control,
Free-cancel banner,
Free-cancel banner,
Control,
Control,
Free-cancel banner,
Free-cancel banner,
Control,
Control,
Free-cancel banner,
Free-cancel banner,
Control,
Control,
Control,
Free-cancel banner,
Free-cancel banner,
Free-cancel banner,
Free-cancel banner,
Control,
Free-cancel banner,
Control,
Control,
Control,
Control,
Free-cancel banner,
Control,
Control,
Control,
Free-cancel banner,
Control,1055.84
Free-cancel banner,
Free-cancel banner,
Control,
Free-cancel banner,
Control,
Free-cancel banner,
Free-cancel banner,
Control,
Control,
Free-cancel banner,
Free-cancel banner,
Control,
Free-cancel banner,
Free-cancel banner,
Free-cancel banner,
Free-cancel banner,
Free-cancel banner,
Control,
Free-cancel banner,
Free-cancel banner,
Free-cancel banner,
Control,
Control,
Control,
Free-cancel banner,
Control,
Control,
Free-cancel banner,
Free-cancel banner,
Control,
Control,
Control,
Control,
Free-cancel banner,
Free-cancel banner,
Free-cancel banner,
Free-cancel banner,
Control,
Free-cancel banner,
Free-cancel banner,
Control,
Free-cancel banner,
Free-cancel banner,
Free-cancel banner,
Free-cancel banner,
Control,
Free-cancel banner,
Free-cancel banner,
Control,
Control,
Control,
Free-cancel banner,
Control,
Free-cancel banner,
Free-cancel banner,
Free-cancel banner,
Control,
Free-cancel banner,
Free-cancel banner,
Free-cancel banner,
Control,
Free-cancel banner,
Control,
Free-cancel banner,
Free-cancel banner,
Control,
Free-cancel banner,
Control,
Free-cancel banner,
Control,
Control,
Control,
Control,
Free-cancel banner,
Control,
Control,
Control,
Free-cancel banner,
Control,
Free-cancel banner,
Free-cancel banner,
Free-cancel banner,
Control,
Free-cancel banner,
Free-cancel banner,
Control,
Free-cancel banner,298.73
Free-cancel banner,571.31
Free-cancel banner,
Control,
Free-cancel banner,
Free-cancel banner,
Free-cancel banner,
Control,949.5
Free-cancel banner,
Control,
Control,
Free-cancel banner,
Control,
Control,
Control,
Control,
Control,
Control,
Control,
Free-cancel banner,
Control,"671,31"
Free-cancel banner,
Free-cancel banner,
Free-cancel banner,
Free-cancel banner,
Free-cancel banner,
Control,
Control,
Free-cancel banner,
Free-cancel banner,
Free-cancel banner,
Free-cancel banner,
Control,
Control,
Free-cancel banner,
Control,
Control,
Free-cancel banner,
Free-cancel banner,
Free-cancel banner,
Free-cancel banner,
Free-cancel banner,
Control,
Free-cancel banner,
Free-cancel banner,
Free-cancel banner,
Control,
Control,
Free-cancel banner,
Free-cancel banner,
Control,
Control,
Free-cancel banner,
Control,
Free-cancel banner,
Free-cancel banner,
Control,
Free-cancel banner,
Control,
Free-cancel banner,
Control,"972,08"
Free-cancel banner,
Free-cancel banner,
Free-cancel banner,
Control,
Control,
Control,
Free-cancel banner,
Control,
Control,
Control,
Control,
Control,
Control,
Control,
Free-cancel banner,
Control,
Control,
Control,
Free-cancel banner,
Control,$498.01
Free-cancel banner,
Control,
Free-cancel banner,
Control,
Control,
Control,
Free-cancel banner,
Control,
Free-cancel banner,
Free-cancel banner,
Free-cancel banner,
Free-cancel banner,$795.53
Free-cancel banner,
Control,
Control,
Control,
Control,
Free-cancel banner,
Control,
Free-cancel banner,
Control,
Free-cancel banner,
Free-cancel banner,
Control,
Free-cancel banner,308.94
Control,
Free-cancel banner,
Free-cancel banner,
Free-cancel banner,
Free-cancel banner,
Free-cancel banner,
Control,
Control,$913.59
Free-cancel banner,
Free-cancel banner,
Free-cancel banner,
Free-cancel banner,
Control,
Control,
Free-cancel banner,
Control,
Control,
Control,
Control,
Control,
Control,
Free-cancel banner,
Control,
Control,
Free-cancel banner,
Control,
Control,
Control,
Free-cancel banner,
Control,
Free-cancel banner,
Free-cancel banner,
Control,
Control,
Free-cancel banner,
Control,
Control,
Control,
Free-cancel banner,
Free-cancel banner,
Control,
Free-cancel banner,
Free-cancel banner,
Free-cancel banner,
Control,
Control,
Control,
Control,344.22
Control,
Free-cancel banner,
Control,529.36
Free-cancel banner,
Control,
Control,
Free-cancel banner,
Control,
Control,
Free-cancel banner,
Control,
Free-cancel banner,
Free-cancel banner,
Control,
Control,
Free-cancel banner,
Free-cancel banner,
Free-cancel banner,
Control,
Free-cancel banner,
Free-cancel banner,
Free-cancel banner,
Control,
Free-cancel banner,287.45
Free-cancel banner,
Control,
Control,
Free-cancel banner,
Control,
Free-cancel banner,
Free-cancel banner,
Free-cancel banner,
Free-cancel banner,
Free-cancel banner,
Free-cancel banner,
Free-cancel banner,
Free-cancel banner,
Control,
Free-cancel banner,
Control,
Free-cancel banner,
Control,
Control,
Free-cancel banner,
Free-cancel banner,
Control,
Control,
Free-cancel banner,
Free-cancel banner,
Control,
Free-cancel banner,
Control,904.24
Free-cancel banner,1284.53
Control,
Control,
Control,
Free-cancel banner,
Free-cancel banner,
Free-cancel banner,
Control,
Free-cancel banner,
Control,
Control,
Control,
Free-cancel banner,
Control,
Free-cancel banner,
Control,
Free-cancel banner,
Free-cancel banner,
Control,
Free-cancel banner,
Control,
Control,
Free-cancel banner,$768.62
Control,405.13
Control,
Free-cancel banner,
Control,
Control,
Control,
Free-cancel banner,
Control,
Free-cancel banner,
Free-cancel banner,
Free-cancel banner,
Free-cancel banner,
Free-cancel banner,
Free-cancel banner,
Free-cancel banner,
Control,
Free-cancel banner,
Free-cancel banner,
Free-cancel banner,
Free-cancel banner,$676.21
Control,
Control,
Free-cancel banner,
Free-cancel banner,
Free-cancel banner,
Control,
Control,
Control,
Free-cancel banner,
Control,
Control,$812.10
Free-cancel banner,
Free-cancel banner,
Control,
Free-cancel banner,
Free-cancel banner,
Control,
Free-cancel banner,
Control,
Control,
Control,
Control,
Control,
Free-cancel banner,
Control,
Control,
Control,
Free-cancel banner,
Control,
Free-cancel banner,
Control,
Free-cancel banner,
Free-cancel banner,
Control,
Control,
Control,
Free-cancel banner,
Control,
Free-cancel banner,
Control,
Control,
Control,
Free-cancel banner,
Free-cancel banner,
Control,
Control,286.84
Control,
Control,
Free-cancel banner,
Free-cancel banner,
Free-cancel banner,
Free-cancel banner,
Control,
Control,
Free-cancel banner,
Free-cancel banner,
Free-cancel banner,
Free-cancel banner,
Free-cancel banner,
Control,
Control,
Control,
Free-cancel banner,
Control,
Free-cancel banner,
Control,
Control,
Control,
Control,
Free-cancel banner,
Free-cancel banner,
Control,
Free-cancel banner,
Control,
Free-cancel banner,
Free-cancel banner,
Control,
Control,
Control,
Free-cancel banner,
Free-cancel banner,
Control,
Control,$356.64
Free-cancel banner,
Control,
Free-cancel banner,
Free-cancel banner,
Control,
Free-cancel banner,
Free-cancel banner,
Control,
Free-cancel banner,
Control,
Control,
Control,
Free-cancel banner,
Control,"853,08"
Control,
Control,
Control,
Free-cancel banner,
Control,
Control,
Free-cancel banner,
Control,
Control,
Free-cancel banner,
Free-cancel banner,
Free-cancel banner,"367,21"
Control,
Free-cancel banner,
Control,
Free-cancel banner,
Control,
Control,
Free-cancel banner,
Control,
Control,
Free-cancel banner,
Control,
Free-cancel banner,
Control,
Free-cancel banner,
Control,
Control,
Control,
Control,
Control,
Free-cancel banner,
Control,
Control,
Free-cancel banner,
Control,
Free-cancel banner,
Free-cancel banner,
Free-cancel banner,
Free-cancel banner,
Control,
Free-cancel banner,800.19
Control,
Free-cancel banner,
Free-cancel banner,
Free-cancel banner,
Free-cancel banner,
Control,
Control,
Free-cancel banner,
Control,
Control,
Free-cancel banner,
Free-cancel banner,
Control,
Control,
Free-cancel banner,
Free-cancel banner,
Free-cancel banner,
Control,$409.35
Control,
Free-cancel banner,
Free-cancel banner,
Control,
Control,$664.03
Control,
Control,
Free-cancel banner,
Free-cancel banner,
Free-cancel banner,
Free-cancel banner,
Control,
Control,
Free-cancel banner,
Free-cancel banner,
Control,
Free-cancel banner,
Control,
Control,
Free-cancel banner,
Free-cancel banner,
Control,
Control,
Free-cancel banner,
Control,
Free-cancel banner,
Free-cancel banner,
Control,
Control,
Control,
Control,
Free-cancel banner,
Control,
Free-cancel banner,
Free-cancel banner,
Control,
Free-cancel banner,
Free-cancel banner,
Control,
Control,
Free-cancel banner,
Free-cancel banner,
Free-cancel banner,
Free-cancel banner,
Control,
Control,
Free-cancel banner,
Control,
Free-cancel banner,
Control,
Control,
Control,
Control,
Control,
Control,
Free-cancel banner,
Free-cancel banner,
Free-cancel banner,$311.81
Free-cancel banner,
Free-cancel banner,
Control,$285.94
Control,
Free-cancel banner,568.16
Control,
Free-cancel banner,
Free-cancel banner,
Control,
Free-cancel banner,254.15
Free-cancel banner,
Free-cancel banner,
Control,
Control,
Free-cancel banner,
Control,
Control,
Free-cancel banner,
Control,
Control,
Control,
Free-cancel banner,
Control,
Control,
Free-cancel banner,
Control,
Control,
Control,
Free-cancel banner,
Control,
Free-cancel banner,
Control,
Control,
Control,
Free-cancel banner,
Control,
Free-cancel banner,
Control,
Control,
Free-cancel banner,
Control,
Control,
Control,
Control,
Free-cancel banner,
Control,
Control,
Free-cancel banner,
Control,
Free-cancel banner,
Free-cancel banner,
Free-cancel banner,
Free-cancel banner,
Control,
Control,$513.81
Free-cancel banner,
Control,
Free-cancel banner,
Control,
Free-cancel banner,
Free-cancel banner,
Free-cancel banner,
Control,
Control,
Control,
Control,
Control,
Control,"903,09"
Control,
Free-cancel banner,
Free-cancel banner,
Free-cancel banner,
Free-cancel banner,
Free-cancel banner,
Free-cancel banner,
Control,
Control,
Control,
Control,
Control,
Control,
Free-cancel banner,
Control,
Control,
Control,
Free-cancel banner,
Control,
Control,
Control,
Free-cancel banner,
Control,
Control,
Free-cancel banner,
Free-cancel banner,
Free-cancel banner,254.46
Control,
Free-cancel banner,
Control,
Free-cancel banner,
Control,
Control,
Control,
Control,
Control,
Control,
Control,
Free-cancel banner,
Free-cancel banner,
Control,
Control,
Free-cancel banner,
Free-cancel banner,
Free-cancel banner,
Control,
Free-cancel banner,
Free-cancel banner,
Free-cancel banner,
Free-cancel banner,
Control,
Control,
Free-cancel banner,
Control,
Free-cancel banner,
Free-cancel banner,
Control,
Free-cancel banner,
Control,
Control,
Control,
Control,
Control,
Free-cancel banner,
Free-cancel banner,
Free-cancel banner,
Control,
Free-cancel banner,
Control,
Control,
Free-cancel banner,
Control,
Free-cancel banner,
Control,
Free-cancel banner,
Free-cancel banner,
Control,
Free-cancel banner,
Control,
Free-cancel banner,
Free-cancel banner,
Free-cancel banner,
Free-cancel banner,
Free-cancel banner,
Free-cancel banner,
Control,
Control,
Free-cancel banner,$213.09
Control,
Free-cancel banner,
Control,
Control,
Control,
Free-cancel banner,
Free-cancel banner,
Free-cancel banner,
Free-cancel banner,
Free-cancel banner,
Free-cancel banner,
Free-cancel banner,"178,17"
Free-cancel banner,
Control,
Control,
Free-cancel banner,
Control,
Control,
Control,
Free-cancel banner,
Control,
Control,
Control,
Free-cancel banner,
Control,
Free-cancel banner,
Control,
Control,
Control,
Control,
Control,
Control,
Control,
Control,
Control,
Free-cancel banner,
Free-cancel banner,
Control,
Free-cancel banner,
Control,
Control,
Control,
Free-cancel banner,
Control,
Free-cancel banner,
Free-cancel banner,
Free-cancel banner,
Free-cancel banner,
Control,
Control,
Control,
Free-cancel banner,
Control,
Control,
Control,
Control,
Free-cancel banner,$985.68
Control,$207.67
Control,
Free-cancel banner,
Control,
Free-cancel banner,
Free-cancel banner,
Control,
Control,
Control,
Control,
Free-cancel banner,
Control,
Control,
Control,
Control,
Control,
Control,
Free-cancel banner,
Free-cancel banner,
Free-cancel banner,
Free-cancel banner,
Free-cancel banner,
Free-cancel banner,
Free-cancel banner,
Free-cancel banner,
Free-cancel banner,
Free-cancel banner,
Free-cancel banner,
Control,
Free-cancel banner,
Free-cancel banner,
Free-cancel banner,
Free-cancel banner,
Free-cancel banner,"919,60"
Free-cancel banner,
Control,
Control,
Control,
Free-cancel banner,
Control,
Free-cancel banner,
Control,
Control,
Control,
Control,
Free-cancel banner,
Control,
Control,
Free-cancel banner,
Control,
Control,
Free-cancel banner,
Free-cancel banner,
Free-cancel banner,
Control,
Control,
Control,
Free-cancel banner,
Free-cancel banner,
Control,
Free-cancel banner,
Control,
Control,
Free-cancel banner,
Control,
Free-cancel banner,
Free-cancel banner,
Control,
Control,
Free-cancel banner,
Control,
Free-cancel banner,
Free-cancel banner,
Free-cancel banner,
Free-cancel banner,
Free-cancel banner,
Control,
Free-cancel banner,
Free-cancel banner,
Free-cancel banner,
Free-cancel banner,
Free-cancel banner,
Free-cancel banner,
Control,
Control,
Control,
Free-cancel banner,
Control,
Control,
Free-cancel banner,
Control,
Free-cancel banner,
Control,
Control,
Free-cancel banner,
Control,
Free-cancel banner,366.39
Free-cancel banner,
Free-cancel banner,
Free-cancel banner,
Control,
Control,
Control,
Control,
Control,
Control,
Free-cancel banner,
Free-cancel banner,
Control,
Control,
Free-cancel banner,
Control,
Free-cancel banner,
Free-cancel banner,
Control,
Free-cancel banner,
Control,
Free-cancel banner,$811.95
Control,
Free-cancel banner,
Free-cancel banner,
Control,
Free-cancel banner,
Free-cancel banner,
Control,
Free-cancel banner,
Control,
Control,
Free-cancel banner,
Free-cancel banner,
Free-cancel banner,
Free-cancel banner,
Free-cancel banner,
Free-cancel banner,
Free-cancel banner,592.03
Free-cancel banner,
Free-cancel banner,
Free-cancel banner,
Control,
Control,
Free-cancel banner,
Free-cancel banner,
Control,
Control,
Free-cancel banner,
Free-cancel banner,
Control,$503.86
Free-cancel banner,
Free-cancel banner,
Free-cancel banner,
Free-cancel banner,
Free-cancel banner,417.02
Control,
Control,
Free-cancel banner,
Free-cancel banner,
Control,
Control,
Control,
Free-cancel banner,
Free-cancel banner,162.67
Control,
Free-cancel banner,
Control,
Free-cancel banner,410.31
Control,
Control,
Control,
Control,
Free-cancel banner,
Control,
Free-cancel banner,
Free-cancel banner,
Free-cancel banner,
Control,
Free-cancel banner,$801.45
Free-cancel banner,
Free-cancel banner,
Free-cancel banner,
Free-cancel banner,
Free-cancel banner,
Free-cancel banner,
Free-cancel banner,
Free-cancel banner,
Control,
Control,
Control,
Control,
Control,
Free-cancel banner,
Control,
Control,
Free-cancel banner,
Free-cancel banner,
Control,"529,54"
Free-cancel banner,
Control,
Control,
Control,
Free-cancel banner,
Control,
Free-cancel banner,
Free-cancel banner,
Control,
Free-cancel banner,
Control,
Control,
Free-cancel banner,
Free-cancel banner,
Free-cancel banner,$558.31
Free-cancel banner,496.82
Control,
Control,
Free-cancel banner,
Control,
Free-cancel banner,
Free-cancel banner,
Control,
Free-cancel banner,
Control,
Control,
Free-cancel banner,
Free-cancel banner,
Free-cancel banner,
Free-cancel banner,
Control,
Control,
Free-cancel banner,
Control,
Free-cancel banner,
Free-cancel banner,
Control,
Control,
Free-cancel banner,
Control,
Free-cancel banner,
Free-cancel banner,
Free-cancel banner,
Free-cancel banner,
Free-cancel banner,
Free-cancel banner,
Control,
Free-cancel banner,
Free-cancel banner,
Control,
Control,
Control,
Control,
Free-cancel banner,
Free-cancel banner,
Control,
Free-cancel banner,
Free-cancel banner,
Free-cancel banner,
Free-cancel banner,
Free-cancel banner,
Free-cancel banner,
Free-cancel banner,
Free-cancel banner,
Free-cancel banner,
Free-cancel banner,
Control,
Control,
Free-cancel banner,
Control,
Free-cancel banner,
Free-cancel banner,
Free-cancel banner,
Control,
Free-cancel banner,
Free-cancel banner,
Control,
Free-cancel banner,
Free-cancel banner,
Free-cancel banner,$691.89
Free-cancel banner,696.87
Control,
Free-cancel banner,
Control,"327,62"
Control,
Control,
Control,
Control,
Control,
Control,
Control,
Control,
Free-cancel banner,
Free-cancel banner,
Control,
Control,
Control,
Control,
Free-cancel banner,
Free-cancel banner,
Control,
Control,
Free-cancel banner,
Control,
Control,
Free-cancel banner,
Control,
Control,
Free-cancel banner,
Free-cancel banner,
Control,
Control,
Control,
Control,
Control,
Free-cancel banner,
Control,
Free-cancel banner,
Control,
Free-cancel banner,
Control,
Free-cancel banner,
Control,
Free-cancel banner,
Control,
Control,
Free-cancel banner,$503.45
Free-cancel banner,
Control,$398.57
Control,
Free-cancel banner,
Control,
Control,
Control,
Free-cancel banner,
Control,
Control,
Free-cancel banner,$324.58
Free-cancel banner,
Free-cancel banner,
Free-cancel banner,
Control,
Control,
Control,
Free-cancel banner,
Control,
Control,
Control,
Free-cancel banner,
Control,
Control,
Free-cancel banner,
Control,
Free-cancel banner,
Free-cancel banner,
Control,
Free-cancel banner,
Control,
Control,
Free-cancel banner,
Control,
Free-cancel banner,
Free-cancel banner,
Free-cancel banner,
Free-cancel banner,
Control,
Free-cancel banner,
Free-cancel banner,
Control,
Control,
Free-cancel banner,
Free-cancel banner,
Control,$234.38
Free-cancel banner,
Control,
Control,
Control,
Control,
Control,
Control,
Control,
Free-cancel banner,
Control,
Free-cancel banner,
Control,
Free-cancel banner,
Control,
Control,
Free-cancel banner,
Free-cancel banner,
Free-cancel banner,
Free-cancel banner,
Free-cancel banner,
Free-cancel banner,
Free-cancel banner,
Control,
Control,
Control,
Control,"777,11"
Free-cancel banner,
Control,
Control,
Free-cancel banner,
Control,$604.36
Free-cancel banner,
Free-cancel banner,
Free-cancel banner,
Free-cancel banner,
Control,
Free-cancel banner,
Free-cancel banner,
Free-cancel banner,
Control,
Control,
Free-cancel banner,
Free-cancel banner,
Control,477.82
Free-cancel banner,
Free-cancel banner,
Control,
Free-cancel banner,
Free-cancel banner,
Control,
Free-cancel banner,
Control,
Control,
Free-cancel banner,
Control,
Free-cancel banner,
Control,
Free-cancel banner,
Free-cancel banner,
Free-cancel banner,
Free-cancel banner,
Control,
Control,
Control,
Control,
Control,
Free-cancel banner,
Control,
Free-cancel banner,
Free-cancel banner,
Control,
Control,
Free-cancel banner,
Free-cancel banner,$489.86
Free-cancel banner,
Control,
Control,
Free-cancel banner,
Free-cancel banner,
Free-cancel banner,
Free-cancel banner,
Free-cancel banner,
Free-cancel banner,
Free-cancel banner,429.16
Free-cancel banner,
Control,
Free-cancel banner,
Free-cancel banner,
Control,
Control,
Free-cancel banner,
Control,
Free-cancel banner,
Free-cancel banner,
Control,
Control,
Control,
Control,
Control,
Control,
Control,
Free-cancel banner,
Control,
Free-cancel banner,
Control,
Control,
Free-cancel banner,
Free-cancel banner,"$1,162.64"
Control,
Free-cancel banner,
Control,
Control,
Free-cancel banner,
Control,
Free-cancel banner,$737.66
Free-cancel banner,
Free-cancel banner,
Free-cancel banner,
Control,
Free-cancel banner,
Free-cancel banner,
Free-cancel banner,
Free-cancel banner,
Free-cancel banner,
Control,
Free-cancel banner,
Control,
Free-cancel banner,
Free-cancel banner,
Free-cancel banner,
Control,
Control,
Free-cancel banner,
Free-cancel banner,
Free-cancel banner,
Free-cancel banner,
Control,
Control,
Free-cancel banner,
Free-cancel banner,
Control,
Free-cancel banner,
Free-cancel banner,
Free-cancel banner,
Free-cancel banner,
Control,
Free-cancel banner,
Free-cancel banner,
Control,
Free-cancel banner,
Free-cancel banner,
Control,
Free-cancel banner,
Free-cancel banner,
Free-cancel banner,
Control,
Control,
Control,
Control,
Control,
Free-cancel banner,
Control,
Control,
Control,
Control,
Free-cancel banner,
Control,
Free-cancel banner,
Free-cancel banner,
Control,
Control,
Free-cancel banner,
Free-cancel banner,
Control,
Free-cancel banner,
Free-cancel banner,
Free-cancel banner,
Free-cancel banner,
Control,
Free-cancel banner,
Free-cancel banner,
Control,
Control,
Control,
Control,
Free-cancel banner,
Free-cancel banner,
Free-cancel banner,
Control,
Control,$557.66
Free-cancel banner,
Free-cancel banner,
Control,
Control,
Free-cancel banner,
Control,
Free-cancel banner,
Control,
Free-cancel banner,
Control,
Control,
Control,
Free-cancel banner,
Control,273.18
Free-cancel banner,
Free-cancel banner,
Control,
Control,
Free-cancel banner,
Free-cancel banner,
Free-cancel banner,
Free-cancel banner,
Free-cancel banner,
Free-cancel banner,
Control,
Free-cancel banner,
Free-cancel banner,
Free-cancel banner,
Control,
Free-cancel banner,
Control,
Free-cancel banner,
Control,
Control,
Control,
Free-cancel banner,
Free-cancel banner,
Control,
Free-cancel banner,
Control,
Control,
Control,
Free-cancel banner,
Control,
Control,
Control,
Control,
Free-cancel banner,
Control,
Free-cancel banner,
Free-cancel banner,
Free-cancel banner,
Control,
Control,
Free-cancel banner,
Free-cancel banner,
Control,
Control,
Free-cancel banner,
Control,
Control,
Free-cancel banner,
Free-cancel banner,
Free-cancel banner,
Control,
Free-cancel banner,
Free-cancel banner,
Control,
Free-cancel banner,
Control,
Free-cancel banner,
Free-cancel banner,
Free-cancel banner,
Control,
Control,
Control,
Free-cancel banner,"521,89"
Free-cancel banner,
Control,
Control,
Free-cancel banner,
Control,
Control,
Control,
Control,
Control,
Free-cancel banner,
Free-cancel banner,
Control,
Free-cancel banner,
Control,
Control,
Free-cancel banner,
Free-cancel banner,$266.18
Control,
Free-cancel banner,
Free-cancel banner,
Free-cancel banner,596.56
Free-cancel banner,
Control,
Free-cancel banner,
Control,
Free-cancel banner,
Free-cancel banner,
Free-cancel banner,
Control,
Free-cancel banner,
Control,334.71
Free-cancel banner,
Free-cancel banner,
Free-cancel banner,$451.93
Control,
Control,
Free-cancel banner,
Free-cancel banner,
Control,
Free-cancel banner,
Control,
Free-cancel banner,
Control,
Control,
Control,
Control,
Control,
Free-cancel banner,
Free-cancel banner,
Control,
Control,
Control,
Control,
Control,
Control,
Control,
Control,
Free-cancel banner,
Control,
Control,
Control,
Control,658.35
Free-cancel banner,
Control,
Control,
Free-cancel banner,
Free-cancel banner,
Free-cancel banner,
Control,
Control,
Free-cancel banner,
Control,
Control,
Free-cancel banner,
Free-cancel banner,
Free-cancel banner,
Free-cancel banner,
Control,
Free-cancel banner,
Free-cancel banner,
Control,
Free-cancel banner,
Free-cancel banner,
Free-cancel banner,
Control,
Free-cancel banner,
Free-cancel banner,
Control,
Control,
Free-cancel banner,
Control,
Control,
Free-cancel banner,
Free-cancel banner,
Control,
Free-cancel banner,
Free-cancel banner,
Control,
Free-cancel banner,
Free-cancel banner,
Control,
Control,
Free-cancel banner,
Control,
Control,
Free-cancel banner,
Free-cancel banner,
Control,
Control,
Control,
Control,
Free-cancel banner,
Control,
Control,
Free-cancel banner,621.4
Control,
Control,
Free-cancel banner,
Free-cancel banner,
Control,
Free-cancel banner,
Free-cancel banner,
Free-cancel banner,
Free-cancel banner,
Control,
Free-cancel banner,
Control,
Free-cancel banner,
Free-cancel banner,
Free-cancel banner,
Free-cancel banner,
Free-cancel banner,
Free-cancel banner,
Free-cancel banner,
Control,
Control,
Control,
Free-cancel banner,
Free-cancel banner,
Free-cancel banner,
Control,
Free-cancel banner,
Control,
Free-cancel banner,
Control,
Control,
Control,
Free-cancel banner,
Free-cancel banner,
Control,
Free-cancel banner,
Free-cancel banner,
Control,
Control,
Control,
Control,
Control,
Free-cancel banner,
Control,
Control,624.59
Free-cancel banner,
Free-cancel banner,
Control,
Free-cancel banner,
Control,
Control,
Free-cancel banner,
Free-cancel banner,
Control,
Control,
Control,
Control,
Free-cancel banner,
Free-cancel banner,
Free-cancel banner,
Control,
Control,
Free-cancel banner,
Control,
Control,
Free-cancel banner,
Control,
Control,
Free-cancel banner,
Free-cancel banner,
Free-cancel banner,
Free-cancel banner,
Control,
Free-cancel banner,
Free-cancel banner,328.27
Control,
Control,
Free-cancel banner,
Control,
Free-cancel banner,
Free-cancel banner,
Free-cancel banner,
Free-cancel banner,
Control,
Free-cancel banner,
Free-cancel banner,
Free-cancel banner,
Control,
Control,
Free-cancel banner,
Free-cancel banner,
Free-cancel banner,
Control,
Control,
Control,
Free-cancel banner,
Free-cancel banner,
Free-cancel banner,
Control,
Control,228.61
Free-cancel banner,
Control,
Control,
Control,
Free-cancel banner,
Control,
Control,
Control,
Control,
Control,
Free-cancel banner,
Free-cancel banner,
Free-cancel banner,
Free-cancel banner,
Control,
Control,
Control,
Control,
Control,
Free-cancel banner,
Free-cancel banner,
Free-cancel banner,
Control,
Control,
Free-cancel banner,
Free-cancel banner,
Control,
Free-cancel banner,
Free-cancel banner,
Control,
Control,
Control,
Free-cancel banner,
Free-cancel banner,
Control,
Free-cancel banner,
Control,
Control,
Control,
Free-cancel banner,
Free-cancel banner,
Free-cancel banner,
Free-cancel banner,
Control,
Free-cancel banner,
Free-cancel banner,
Control,
Control,
Control,
Free-cancel banner,
Free-cancel banner,
Control,
Free-cancel banner,
Control,
Control,
Control,
Free-cancel banner,
Free-cancel banner,
Free-cancel banner,
Control,
Control,404.12
Free-cancel banner,
Free-cancel banner,
Free-cancel banner,
Free-cancel banner,
Control,
Control,
Free-cancel banner,
Control,
Free-cancel banner,
Free-cancel banner,
Control,642.95
Free-cancel banner,
Free-cancel banner,
Control,
Free-cancel banner,
Control,
Control,
Free-cancel banner,
Control,
Control,
Control,"720,74"
Free-cancel banner,
Control,
Control,
Control,
Control,
Free-cancel banner,
Control,
Free-cancel banner,
Control,
Free-cancel banner,
Control,
Free-cancel banner,
Free-cancel banner,
Control,
Control,
Free-cancel banner,
Free-cancel banner,
Free-cancel banner,$389.62
Free-cancel banner,
Free-cancel banner,
Free-cancel banner,591.86
Free-cancel banner,
Control,
Control,
Control,
Free-cancel banner,
Control,
Control,
Free-cancel banner,
Control,
Control,
Free-cancel banner,
Free-cancel banner,
Free-cancel banner,
Control,
Free-cancel banner,
Free-cancel banner,
Free-cancel banner,
Control,
Control,
Free-cancel banner,
Control,
Free-cancel banner,
Control,
Free-cancel banner,
Control,
Free-cancel banner,
Control,
Control,
Free-cancel banner,
Control,
Control,
Control,
Control,
Control,
Free-cancel banner,
Free-cancel banner,
Control,
Control,
Control,
Control,
Free-cancel banner,
Control,
Control,
Control,
Free-cancel banner,
Control,
Control,
Free-cancel banner,
Free-cancel banner,
Free-cancel banner,
Control,
Free-cancel banner,
Control,
Free-cancel banner,
Control,
Free-cancel banner,
Free-cancel banner,
Free-cancel banner,
Control,
Control,
Free-cancel banner,
Control,
Free-cancel banner,
Free-cancel banner,
Control,
Control,$454.01
Free-cancel banner,
Free-cancel banner,
Control,
Free-cancel banner,
Free-cancel banner,
Free-cancel banner,606.7
Control,
Control,623.92
Free-cancel banner,$208.60
Free-cancel banner,
Control,
Free-cancel banner,
Free-cancel banner,
Free-cancel banner,
Control,
Free-cancel banner,
Control,
Free-cancel banner,
Free-cancel banner,
Free-cancel banner,
Free-cancel banner,
Free-cancel banner,
Control,
Control,
Free-cancel banner,
Free-cancel banner,
Control,
Free-cancel banner,
Free-cancel banner,
Control,
Control,
Control,
Control,317.9
Free-cancel banner,
Control,
Free-cancel banner,
Control,
Free-cancel banner,
Free-cancel banner,
Control,
Control,
Control,
Control,
Free-cancel banner,
Control,$655.42
Control,
Control,
Control,
Control,
Free-cancel banner,
Free-cancel banner,
Free-cancel banner,
Free-cancel banner,
Free-cancel banner,
Free-cancel banner,
Control,
Free-cancel banner,
Control,
Control,
Control,
Free-cancel banner,
Free-cancel banner,
Control,
Control,
Free-cancel banner,
Free-cancel banner,
Control,
Free-cancel banner,
Free-cancel banner,
Control,
Control,
Control,
Control,
Free-cancel banner,
Control,
Free-cancel banner,
Free-cancel banner,
Free-cancel banner,
Free-cancel banner,
Control,
Free-cancel banner,
Control,
Free-cancel banner,
Free-cancel banner,
Free-cancel banner,
Control,
Free-cancel banner,
Free-cancel banner,
Free-cancel banner,
Free-cancel banner,
Control,
Free-cancel banner,
Free-cancel banner,
Control,
Control,
Free-cancel banner,
Free-cancel banner,
Free-cancel banner,
Control,
Free-cancel banner,
Control,
Control,505.44
Control,
Free-cancel banner,
Free-cancel banner,
Free-cancel banner,
Control,
Control,
Free-cancel banner,
Free-cancel banner,
Control,
Control,
Control,
Control,
Control,
Control,
Control,
Free-cancel banner,
Free-cancel banner,
Control,
Control,
Free-cancel banner,
Control,
Control,
Control,
Control,
Control,
Free-cancel banner,
Free-cancel banner,
Control,
Control,
Control,"601,92"
Free-cancel banner,
Free-cancel banner,
Free-cancel banner,
Free-cancel banner,
Free-cancel banner,
Free-cancel banner,
Free-cancel banner,
Free-cancel banner,428.1
Control,377.1
Control,
Control,
Free-cancel banner,
Control,
Control,
Free-cancel banner,
Free-cancel banner,
Free-cancel banner,
Free-cancel banner,
Free-cancel banner,
Control,
Control,
Control,
Free-cancel banner,
Control,
Control,
Control,
Control,
Free-cancel banner,
Control,
Free-cancel banner,
Control,
Control,
Control,
Free-cancel banner,
Free-cancel banner,
Free-cancel banner,
Control,
Control,
Control,
Free-cancel banner,
Control,
Control,
Control,
Control,
Control,
Control,
Control,
Free-cancel banner,
Control,
Control,
Free-cancel banner,
Free-cancel banner,
Control,
Free-cancel banner,
Free-cancel banner,
Free-cancel banner,
Control,
Control,
Control,
Free-cancel banner,
Control,
Free-cancel banner,$452.72
Control,
Control,$486.85
Free-cancel banner,
Free-cancel banner,
Control,
Free-cancel banner,
Free-cancel banner,
Control,
Control,
Control,519.24
Control,
Control,$247.77
Free-cancel banner,
Control,
Control,
Control,397.6
Control,
Free-cancel banner,
Control,
Free-cancel banner,
Control,
Control,
Free-cancel banner,
Free-cancel banner,
Free-cancel banner,
Control,
Free-cancel banner,
Free-cancel banner,
Free-cancel banner,
Free-cancel banner,$378.84
Free-cancel banner,
Control,
Free-cancel banner,
Control,
Free-cancel banner,
Control,
Free-cancel banner,
Control,
Free-cancel banner,
Free-cancel banner,
Free-cancel banner,
Control,
Control,
Free-cancel banner,
Control,
Control,
Control,405.22
Free-cancel banner,
Free-cancel banner,
Free-cancel banner,
Control,
Control,
Control,
Control,
Free-cancel banner,
Free-cancel banner,
Free-cancel banner,
Control,
Control,
Control,
Free-cancel banner,
Free-cancel banner,
Free-cancel banner,
Control,
Free-cancel banner,
Control,
Control,
Control,
Free-cancel banner,
Control,
Control,
Control,
Control,$717.07
Free-cancel banner,
Control,$695.00
Free-cancel banner,$752.72
Control,
Free-cancel banner,
Free-cancel banner,
Control,
Free-cancel banner,
Control,
Control,
Control,
Free-cancel banner,
Free-cancel banner,
Control,
Control,
Control,
Free-cancel banner,
Control,
Free-cancel banner,
Control,
Free-cancel banner,
Free-cancel banner,
Control,
Control,
Control,
Control,
Control,
Free-cancel banner,
Free-cancel banner,
Free-cancel banner,
Control,
Free-cancel banner,
Free-cancel banner,
Control,
Control,
Free-cancel banner,
Control,
Free-cancel banner,
Free-cancel banner,
Control,
Free-cancel banner,
Free-cancel banner,
Free-cancel banner,
Free-cancel banner,
Free-cancel banner,
Free-cancel banner,
Control,
Free-cancel banner,
Control,
Control,
Control,
Free-cancel banner,
Control,
Free-cancel banner,
Free-cancel banner,
Free-cancel banner,
Free-cancel banner,
Free-cancel banner,
Free-cancel banner,
Free-cancel banner,
Free-cancel banner,
Control,
Control,
Control,
Control,
Control,
Free-cancel banner,
Free-cancel banner,
Control,
Free-cancel banner,
Control,
Control,
Free-cancel banner,
Free-cancel banner,
Control,
Control,
Control,
Free-cancel banner,
Control,201.17
Free-cancel banner,
Control,
Free-cancel banner,
Control,
Control,
Free-cancel banner,
Control,
Control,
Control,
Free-cancel banner,
Control,
Control,
Free-cancel banner,
Control,638.68
Free-cancel banner,
Control,
Control,
Free-cancel banner,
Free-cancel banner,
Control,
Free-cancel banner,
Control,
Free-cancel banner,
Free-cancel banner,
Free-cancel banner,
Free-cancel banner,
Free-cancel banner,
Control,
Control,
Free-cancel banner,
Free-cancel banner,
Control,
Control,
Free-cancel banner,344.28
Free-cancel banner,$720.02
Free-cancel banner,
Control,
Free-cancel banner,"511,55"
Free-cancel banner,
Free-cancel banner,
Control,
Control,
Free-cancel banner,
Control,
Control,
Free-cancel banner,
Free-cancel banner,
Free-cancel banner,
Free-cancel banner,
Control,691.18
Free-cancel banner,
Free-cancel banner,
Control,
Free-cancel banner,
Free-cancel banner,
Free-cancel banner,
Control,
Control,
Free-cancel banner,
Free-cancel banner,
Control,
Control,
Free-cancel banner,
Control,
Free-cancel banner,
Free-cancel banner,
Control,
Control,
Control,
Control,
Free-cancel banner,
Free-cancel banner,
Control,
Free-cancel banner,
Free-cancel banner,
Control,
Control,
Free-cancel banner,
Free-cancel banner,
Free-cancel banner,
Free-cancel banner,
Control,
Control,
Control,
Control,
Control,
Free-cancel banner,474.43
Control,
Control,
Free-cancel banner,
Control,
Control,
Free-cancel banner,
Control,
Free-cancel banner,
Free-cancel banner,
Free-cancel banner,
Control,
Control,
Control,
Free-cancel banner,
Control,"323,76"
Free-cancel banner,
Control,
Free-cancel banner,
Free-cancel banner,
Control,
Control,
Free-cancel banner,
Free-cancel banner,1023.95
Control,
Free-cancel banner,
Free-cancel banner,
Free-cancel banner,
Control,
Control,
Control,
Free-cancel banner,
Control,
Free-cancel banner,
Control,
Free-cancel banner,
Free-cancel banner,
Control,
Control,
Free-cancel banner,
Free-cancel banner,
Free-cancel banner,
Free-cancel banner,
Free-cancel banner,
Control,
Control,
Free-cancel banner,
Free-cancel banner,
Control,
Free-cancel banner,
Free-cancel banner,660.65
Free-cancel banner,
Free-cancel banner,
Free-cancel banner,
Free-cancel banner,
Free-cancel banner,
Free-cancel banner,$841.42
Control,
Free-cancel banner,
Control,
Control,
Free-cancel banner,870.5
Control,
Control,
Control,
Free-cancel banner,
Control,
Free-cancel banner,
Control,
Control,
Control,
Free-cancel banner,
Control,
Control,
Free-cancel banner,
Free-cancel banner,
Control,
Free-cancel banner,211.75
Free-cancel banner,
Free-cancel banner,
Free-cancel banner,
Free-cancel banner,
Control,
Control,
Free-cancel banner,
Free-cancel banner,
Free-cancel banner,
Free-cancel banner,
Free-cancel banner,
Control,
Free-cancel banner,
Control,
Free-cancel banner,
Free-cancel banner,
Control,
Free-cancel banner,
Control,
Free-cancel banner,
Control,
Control,
Control,
Free-cancel banner,
Free-cancel banner,
Free-cancel banner,
Control,
Free-cancel banner,
Free-cancel banner,
Free-cancel banner,
Free-cancel banner,
Free-cancel banner,
Control,
Control,
Free-cancel banner,
Free-cancel banner,
Free-cancel banner,
Control,
Control,
Free-cancel banner,453.79
Control,
Control,
Free-cancel banner,
Free-cancel banner,
Free-cancel banner,
Control,
Control,
Control,395.83
Control,
Control,
Free-cancel banner,
Free-cancel banner,
Control,
Control,
Control,
Control,
Control,
Free-cancel banner,
Free-cancel banner,
Free-cancel banner,487.33
Control,
Free-cancel banner,
Control,
Free-cancel banner,
Free-cancel banner,
Free-cancel banner,
Control,
Control,
Control,
Free-cancel banner,
Free-cancel banner,
Free-cancel banner,
Control,
Free-cancel banner,
Free-cancel banner,
Control,
Free-cancel banner,
Control,
Control,
Free-cancel banner,
Control,
Control,
Free-cancel banner,
Control,
Free-cancel banner,
Free-cancel banner,
Free-cancel banner,
Control,
Control,
Control,
Free-cancel banner,
Free-cancel banner,
Free-cancel banner,
Control,
Control,
Control,
Control,"$1,935.05"
Control,
Control,
Control,
Control,
Free-cancel banner,
Control,
Free-cancel banner,
Free-cancel banner,
Free-cancel banner,
Free-cancel banner,
Control,
Control,
Free-cancel banner,
Free-cancel banner,
Control,
Free-cancel banner,
Control,
Free-cancel banner,
Control,
Control,
Control,
Free-cancel banner,
Free-cancel banner,
Free-cancel banner,
Control,
Free-cancel banner,
Free-cancel banner,
Free-cancel banner,
Control,
Free-cancel banner,
Free-cancel banner,
Free-cancel banner,
Free-cancel banner,
Free-cancel banner,
Control,
Free-cancel banner,
Free-cancel banner,
Control,
Control,
Free-cancel banner,
Free-cancel banner,
Free-cancel banner,
Control,
Control,
Control,
Control,
Control,
Free-cancel banner,
Control,
Control,
Control,
Free-cancel banner,
Control,
Control,
Free-cancel banner,
Free-cancel banner,
Control,
Free-cancel banner,
Control,
Free-cancel banner,
Control,
Control,
Free-cancel banner,
Free-cancel banner,
Control,
Free-cancel banner,
Free-cancel banner,
Control,
Free-cancel banner,
Control,
Free-cancel banner,
Control,
Free-cancel banner,
Control,
Free-cancel banner,
Free-cancel banner,
Free-cancel banner,
Free-cancel banner,
Free-cancel banner,
Control,
Free-cancel banner,
Free-cancel banner,
Control,
Free-cancel banner,
Free-cancel banner,
Control,
Control,
Free-cancel banner,
Free-cancel banner,
Free-cancel banner,
Free-cancel banner,
Free-cancel banner,
Free-cancel banner,
Control,
Control,
Free-cancel banner,
Control,
Control,
Control,
Free-cancel banner,
Control,
Control,"462,36"
Control,
Free-cancel banner,
Control,
Free-cancel banner,
Control,
Free-cancel banner,
Free-cancel banner,
Free-cancel banner,
Control,
Free-cancel banner,
Control,
Control,
Free-cancel banner,
Control,
Free-cancel banner,
Control,
Free-cancel banner,
Free-cancel banner,
Control,
Free-cancel banner,
Control,
Free-cancel banner,
Control,
Free-cancel banner,
Control,
Free-cancel banner,354.08
Control,
Control,
Free-cancel banner,
Control,
Control,
Free-cancel banner,
Free-cancel banner,
Control,
Free-cancel banner,
Free-cancel banner,
Control,
Control,
Control,
Control,
Free-cancel banner,
Free-cancel banner,
Control,
Free-cancel banner,578.09
Free-cancel banner,
Free-cancel banner,
Control,
Free-cancel banner,
Free-cancel banner,
Free-cancel banner,
Control,
Control,
Free-cancel banner,
Control,198.04
Control,
Control,
Control,
Free-cancel banner,
Free-cancel banner,$874.66
Free-cancel banner,
Free-cancel banner,
Free-cancel banner,
Free-cancel banner,
Free-cancel banner,412.88
Control,
Control,
Control,
Free-cancel banner,
Control,
Control,
Control,
Free-cancel banner,
Control,
Control,
Free-cancel banner,380.87
Control,
Free-cancel banner,
Free-cancel banner,
Free-cancel banner,
Control,
Free-cancel banner,
Control,
Free-cancel banner,
Control,
Free-cancel banner,
Free-cancel banner,
Control,
Free-cancel banner,
Control,
Free-cancel banner,
Control,
Control,
Control,
Free-cancel banner,
Free-cancel banner,
Control,
Control,
Free-cancel banner,
Control,
Free-cancel banner,
Control,
Control,
Control,
Control,
Free-cancel banner,
Free-cancel banner,
Free-cancel banner,
Free-cancel banner,
Control,
Control,
Control,
Free-cancel banner,
Control,
Free-cancel banner,
Control,
Free-cancel banner,
Free-cancel banner,
Free-cancel banner,
Free-cancel banner,
Control,$745.89
Control,
Control,
Free-cancel banner,
Free-cancel banner,
Free-cancel banner,
Free-cancel banner,
Free-cancel banner,
Free-cancel banner,
Control,
Free-cancel banner,
Control,
Free-cancel banner,
Control,
Free-cancel banner,
Free-cancel banner,
Control,
Free-cancel banner,
Control,
Free-cancel banner,
Control,
Free-cancel banner,
Free-cancel banner,
Control,
Control,
Free-cancel banner,
Free-cancel banner,
Control,
Free-cancel banner,
Free-cancel banner,
Free-cancel banner,
Free-cancel banner,
Free-cancel banner,
Free-cancel banner,
Control,
Control,
Free-cancel banner,
Free-cancel banner,
Control,
Free-cancel banner,$917.59
Control,
Free-cancel banner,
Free-cancel banner,
Free-cancel banner,
Control,
Control,
Control,
Free-cancel banner,
Free-cancel banner,
Free-cancel banner,
Control,
Control,
Free-cancel banner,
Free-cancel banner,
Free-cancel banner,
Free-cancel banner,
Free-cancel banner,
Free-cancel banner,
Control,
Control,
Free-cancel banner,
Control,
Control,
Control,
Control,
Free-cancel banner,
Control,
Free-cancel banner,
Free-cancel banner,
Control,
Free-cancel banner,
Control,
Free-cancel banner,
Free-cancel banner,
Control,
Free-cancel banner,
Control,
Control,
Free-cancel banner,
Free-cancel banner,
Control,
Free-cancel banner,"$1,188.59"
Control,
Control,
Free-cancel banner,
Free-cancel banner,
Control,
Control,
Control,
Free-cancel banner,
Control,
Free-cancel banner,
Control,
Free-cancel banner,
Control,
Control,
Control,
Free-cancel banner,
Control,
Free-cancel banner,
Free-cancel banner,
Control,
Free-cancel banner,
Control,
Free-cancel banner,
Free-cancel banner,
Control,
Free-cancel banner,
Control,
Free-cancel banner,
Free-cancel banner,
Control,609.29
Free-cancel banner,
Control,
Free-cancel banner,
Free-cancel banner,
Free-cancel banner,
Control,
Free-cancel banner,
Control,
Free-cancel banner,
Control,
Control,
Control,
Control,
Free-cancel banner,
Control,
Control,
Control,
Free-cancel banner,
Control,
Free-cancel banner,
Control,
Free-cancel banner,
Free-cancel banner,
Free-cancel banner,
Free-cancel banner,275.65
Control,
Control,
Control,
Free-cancel banner,
Control,
Control,
Free-cancel banner,
Control,
Control,
Free-cancel banner,$512.01
Control,
Free-cancel banner,
Free-cancel banner,
Control,
Free-cancel banner,
Free-cancel banner,
Control,
Control,
Control,
Free-cancel banner,
Free-cancel banner,
Free-cancel banner,
Control,
Control,
Control,
Free-cancel banner,
Control,
Control,
Control,"$1,002.00"
Control,
Free-cancel banner,
Free-cancel banner,
Free-cancel banner,1431.19
Control,
Free-cancel banner,
Control,
Free-cancel banner,$350.32
Control,
Free-cancel banner,
Control,
Control,
Free-cancel banner,
Control,
Free-cancel banner,
Free-cancel banner,
Control,
Free-cancel banner,183.34
Free-cancel banner,
Control,
Free-cancel banner,
Control,
Free-cancel banner,
Control,"644,45"
Free-cancel banner,
Free-cancel banner,
Free-cancel banner,
Control,
Control,
Free-cancel banner,
Control,
Free-cancel banner,
Control,
Free-cancel banner,
Free-cancel banner,
Control,
Control,
Free-cancel banner,
Control,
Free-cancel banner,
Control,
Control,
Control,
Free-cancel banner,
Control,
Control,
Control,
Control,
Control,
Free-cancel banner,
Control,
Free-cancel banner,
Control,
Control,
Free-cancel banner,
Free-cancel banner,
Free-cancel banner,
Free-cancel banner,
Free-cancel banner,
Control,
Free-cancel banner,
Free-cancel banner,
Control,$519.98
Control,
Control,
Free-cancel banner,$754.94
Control,
Free-cancel banner,310.02
Free-cancel banner,
Free-cancel banner,
Free-cancel banner,
Control,
Control,
Control,
Free-cancel banner,
Control,
Control,
Free-cancel banner,
Control,"674,09"
Control,
Free-cancel banner,
Free-cancel banner,
Control,
Free-cancel banner,
Control,
Free-cancel banner,
Control,
Control,
Control,
Control,
Control,
Free-cancel banner,
Control,
Control,$304.97
Control,
Control,
Free-cancel banner,
Control,
Free-cancel banner,
Free-cancel banner,
Control,
Control,
Free-cancel banner,
Control,
Control,
Control,627.1
Control,
Free-cancel banner,
Free-cancel banner,
Control,
Control,
Control,279.69
Control,
Control,
Control,
Free-cancel banner,
Control,
Free-cancel banner,
Control,
Control,
Free-cancel banner,
Free-cancel banner,
Control,
Control,
Control,
Free-cancel banner,
Control,
Free-cancel banner,
Free-cancel banner,
Free-cancel banner,
Free-cancel banner,
Free-cancel banner,
Free-cancel banner,
Control,
Control,
Control,
Control,
Control,
Free-cancel banner,
Control,
Free-cancel banner,
Control,
Control,
Control,$213.32
Free-cancel banner,
Free-cancel banner,
Free-cancel banner,
Control,
Free-cancel banner,
Control,
Control,
Free-cancel banner,
Control,
Free-cancel banner,
Free-cancel banner,
Free-cancel banner,
Control,
Free-cancel banner,
Free-cancel banner,
Free-cancel banner,
Free-cancel banner,
Control,
Free-cancel banner,
Free-cancel banner,
Control,
Control,
Free-cancel banner,
Control,
Control,
Free-cancel banner,
Free-cancel banner,
Control,
Free-cancel banner,
Control,$901.72
Control,
Control,
Control,
Free-cancel banner,
Control,
Control,$430.11
Control,
Free-cancel banner,
Control,
Free-cancel banner,
Control,
Free-cancel banner,
Free-cancel banner,
Control,
Free-cancel banner,
Free-cancel banner,
Control,
Control,968.87
Free-cancel banner,
Control,
Control,
Free-cancel banner,
Control,
Free-cancel banner,
Free-cancel banner,
Free-cancel banner,
Free-cancel banner,
Control,
Control,
Free-cancel banner,
Free-cancel banner,
Free-cancel banner,
Free-cancel banner,
Control,
Free-cancel banner,
Control,
Free-cancel banner,
Free-cancel banner,
Free-cancel banner,
Free-cancel banner,
Free-cancel banner,
Control,
Control,
Control,
Free-cancel banner,
Free-cancel banner,
Control,
Free-cancel banner,
Control,
Control,
Control,
Free-cancel banner,
Free-cancel banner,
Free-cancel banner,
Control,
Control,
Free-cancel banner,
Free-cancel banner,
Control,
Control,
Free-cancel banner,
Free-cancel banner,
Control,
Free-cancel banner,
Free-cancel banner,$289.55
Control,
Control,
Free-cancel banner,
Free-cancel banner,
Free-cancel banner,
Control,
Control,
Free-cancel banner,
Control,
Free-cancel banner,
Free-cancel banner,
Free-cancel banner,
Free-cancel banner,
Free-cancel banner,
Free-cancel banner,
Free-cancel banner,
Free-cancel banner,
Control,
Free-cancel banner,$173.30
Free-cancel banner,
Control,
Control,
Free-cancel banner,
Free-cancel banner,
Free-cancel banner,
Control,
Free-cancel banner,
Control,
Control,
Control,
Free-cancel banner,
Control,
Free-cancel banner,
Control,
Free-cancel banner,
Free-cancel banner,
Control,
Control,
Control,
Control,
Free-cancel banner,
Free-cancel banner,
Control,
Control,
Control,
Control,
Control,
Free-cancel banner,
Control,
Free-cancel banner,
Free-cancel banner,
Free-cancel banner,
Free-cancel banner,
Free-cancel banner,$927.96
Control,
Control,$546.82
Control,
Control,349.27
Control,
Control,
Control,
Free-cancel banner,
Free-cancel banner,
Free-cancel banner,
Free-cancel banner,
Free-cancel banner,
Control,
Control,
Control,
Free-cancel banner,937.5
Free-cancel banner,
Control,
Control,$841.16
Control,
Control,$568.71
Free-cancel banner,
Control,
Control,
Free-cancel banner,
Free-cancel banner,
Control,
Free-cancel banner,
Control,
Control,
Free-cancel banner,
Control,
Free-cancel banner,
Free-cancel banner,
Free-cancel banner,
Control,
Free-cancel banner,
Control,
Control,
Free-cancel banner,
Control,
Free-cancel banner,
Free-cancel banner,
Free-cancel banner,
Control,
Control,
Free-cancel banner,
Free-cancel banner,
Free-cancel banner,
Control,
Control,
Control,
Free-cancel banner,
Free-cancel banner,
Control,
Control,
Control,
Control,912.44
Free-cancel banner,
Control,
Free-cancel banner,
Free-cancel banner,
Control,
Control,
Free-cancel banner,
Free-cancel banner,
Free-cancel banner,
Control,
Free-cancel banner,
Control,
Free-cancel banner,
Free-cancel banner,
Control,386.13
Free-cancel banner,
Control,
Free-cancel banner,
Free-cancel banner,
Free-cancel banner,
Free-cancel banner,
Control,
Free-cancel banner,
Control,
Control,
Control,
Free-cancel banner,
Control,
Control,
Free-cancel banner,
Free-cancel banner,
Control,
Free-cancel banner,
Free-cancel banner,
Control,
Control,
Control,
Free-cancel banner,
Free-cancel banner,
Control,
Control,
Free-cancel banner,
Free-cancel banner,
Control,
Control,
Free-cancel banner,
Free-cancel banner,
Control,
Free-cancel banner,
Free-cancel banner,
Control,
Free-cancel banner,
Free-cancel banner,
Control,
Free-cancel banner,
Control,
Control,
Control,
Free-cancel banner,
Free-cancel banner,
Free-cancel banner,
Control,
Control,
Control,
Control,
Control,
Free-cancel banner,
Control,
Free-cancel banner,
Control,
Control,
Control,
Control,
Control,
Free-cancel banner,
Control,
Free-cancel banner,
Free-cancel banner,
Free-cancel banner,
Free-cancel banner,
Free-cancel banner,
Control,
Control,
Control,442.75
Control,
Control,
Free-cancel banner,
Free-cancel banner,
Control,
Control,
Control,
Control,
Control,
Control,
Control,
Control,
Free-cancel banner,
Free-cancel banner,$788.25
Control,
Free-cancel banner,
Control,(334.58)
Free-cancel banner,
Control,
Control,
Free-cancel banner,
Free-cancel banner,
Free-cancel banner,
Control,
Free-cancel banner,
Free-cancel banner,
Free-cancel banner,
Free-cancel banner,
Control,
Control,
Free-cancel banner,
Free-cancel banner,
Control,
Control,
Control,
Free-cancel banner,
Control,
Control,
Free-cancel banner,
Free-cancel banner,
Control,
Free-cancel banner,
Free-cancel banner,
Free-cancel banner,
Control,
Control,
Control,
Control,
Control,
Control,
Control,
Control,
Free-cancel banner,
Free-cancel banner,
Control,
Free-cancel banner,
Control,
Control,
Free-cancel banner,
Free-cancel banner,
Control,
Free-cancel banner,
Control,
Control,
Control,
Free-cancel banner,
Free-cancel banner,
Control,
Free-cancel banner,
Control,
Free-cancel banner,
Free-cancel banner,
Free-cancel banner,
Free-cancel banner,
Free-cancel banner,
Control,
Control,977.13
Control,
Free-cancel banner,
Free-cancel banner,
Free-cancel banner,
Control,
Control,
Control,
Free-cancel banner,
Control,
Free-cancel banner,
Free-cancel banner,
Free-cancel banner,
Control,
Control,
Control,
Free-cancel banner,
Free-cancel banner,
Free-cancel banner,
Free-cancel banner,
Control,
Free-cancel banner,
Free-cancel banner,
Free-cancel banner,
Control,
Control,
Free-cancel banner,
Control,
Free-cancel banner,
Control,
Control,878.57
Free-cancel banner,
Free-cancel banner,
Free-cancel banner,
Free-cancel banner,
Free-cancel banner,
Free-cancel banner,$229.53
Free-cancel banner,
Free-cancel banner,
Free-cancel banner,223.06
Free-cancel banner,
Free-cancel banner,
Control,
Control,
Control,"1244,84"
Control,
Free-cancel banner,
Free-cancel banner,
Free-cancel banner,
Free-cancel banner,
Free-cancel banner,
Control,
Free-cancel banner,
Free-cancel banner,
Control,
Control,
Control,
Free-cancel banner,
Control,
Control,
Free-cancel banner,
Free-cancel banner,
Control,
Free-cancel banner,
Free-cancel banner,
Control,
Control,$868.43
Free-cancel banner,
Free-cancel banner,
Control,
Control,
Control,
Control,
Control,
Control,
Control,
Control,
Control,
Control,
Control,
Free-cancel banner,
Free-cancel banner,
Control,
Free-cancel banner,
Control,
Free-cancel banner,
Free-cancel banner,
Free-cancel banner,
Control,
Control,
Control,
Control,
Control,
Free-cancel banner,
Control,
Free-cancel banner,
Free-cancel banner,
Free-cancel banner,
Free-cancel banner,
Free-cancel banner,
Control,
Free-cancel banner,
Free-cancel banner,
Free-cancel banner,
Free-cancel banner,
Free-cancel banner,
Free-cancel banner,
Control,
Free-cancel banner,
Free-cancel banner,
Free-cancel banner,
Free-cancel banner,
Free-cancel banner,
Free-cancel banner,
Free-cancel banner,
Free-cancel banner,
Control,
Control,
Free-cancel banner,
Free-cancel banner,
Free-cancel banner,
Control,
Free-cancel banner,
Control,
Free-cancel banner,
Free-cancel banner,
Free-cancel banner,
Control,
Free-cancel banner,
Control,
Free-cancel banner,
Control,
Free-cancel banner,
Free-cancel banner,
Control,
Free-cancel banner,
Control,
Free-cancel banner,
Control,
Control,
Free-cancel banner,"244,17"
Free-cancel banner,
Control,
Control,
Free-cancel banner,
Free-cancel banner,
Free-cancel banner,
Free-cancel banner,
Free-cancel banner,
Control,
Free-cancel banner,
Control,
Control,
Control,
Control,
Free-cancel banner,
Free-cancel banner,
Free-cancel banner,
Free-cancel banner,
Free-cancel banner,
Free-cancel banner,
Control,
Free-cancel banner,
Control,
Free-cancel banner,
Control,
Free-cancel banner,
Free-cancel banner,
Free-cancel banner,
Free-cancel banner,
Control,325.29
Free-cancel banner,
Free-cancel banner,
Free-cancel banner,
Free-cancel banner,
Free-cancel banner,
Free-cancel banner,
Control,
Free-cancel banner,
Control,
Control,
Free-cancel banner,
Control,
Free-cancel banner,
Control,
Control,
Control,
Free-cancel banner,
Control,
Free-cancel banner,
Control,
Control,
Control,
Control,
Free-cancel banner,
Free-cancel banner,
Control,
Control,
Free-cancel banner,
Control,1030.46
Control,$196.11
Free-cancel banner,
Free-cancel banner,
Free-cancel banner,
Control,
Control,
Free-cancel banner,
Free-cancel banner,
Control,
Free-cancel banner,
Control,
Control,
Free-cancel banner,
Control,
Control,
Control,
Free-cancel banner,
Free-cancel banner,
Control,
Control,
Control,
Control,
Control,
Free-cancel banner,
Free-cancel banner,
Free-cancel banner,
Free-cancel banner,
Control,
Control,
Control,674.35
Free-cancel banner,
Control,
Control,
Control,
Control,
Control,
Control,
Control,
Control,
Control,
Free-cancel banner,
Control,
Control,$766.89
Control,
Free-cancel banner,
Control,
Free-cancel banner,
Control,
Free-cancel banner,
Control,
Control,
Free-cancel banner,
Control,
Control,
Free-cancel banner,
Control,
Control,
Control,
Free-cancel banner,
Free-cancel banner,
Control,
Free-cancel banner,
Free-cancel banner,
Free-cancel banner,
Free-cancel banner,
Free-cancel banner,
Control,
Control,
Free-cancel banner,
Free-cancel banner,
Control,
Free-cancel banner,
Free-cancel banner,
Free-cancel banner,
Free-cancel banner,
Control,
Free-cancel banner,
Free-cancel banner,
Control,
Control,
Free-cancel banner,
Control,
Control,
Control,
Control,
Control,
Control,
Control,
Control,
Control,
Control,
Free-cancel banner,
Free-cancel banner,
Control,
Free-cancel banner,
Free-cancel banner,
Control,
Control,
Free-cancel banner,
Control,
Free-cancel banner,
Free-cancel banner,
Control,
Free-cancel banner,
Control,
Control,
Free-cancel banner,
Free-cancel banner,
Control,
Control,
Control,
Free-cancel banner,
Control,
Free-cancel banner,
Free-cancel banner,
Control,
Control,
Free-cancel banner,
Free-cancel banner,
Free-cancel banner,
Control,
Control,
Control,
Free-cancel banner,
Control,
Control,
Control,
Free-cancel banner,
Control,
Control,
Control,
Free-cancel banner,
Free-cancel banner,
Control,
Control,
Control,
Free-cancel banner,
Control,
Free-cancel banner,
Control,
Free-cancel banner,
Control,
Free-cancel banner,
Control,
Control,
Free-cancel banner,$571.35
Free-cancel banner,
Free-cancel banner,
Control,
Control,
Free-cancel banner,
Control,
Free-cancel banner,
Control,
Free-cancel banner,
Control,
Control,
Control,
Control,
Free-cancel banner,
Control,
Free-cancel banner,
Free-cancel banner,
Control,
Free-cancel banner,
Free-cancel banner,
Control,
Free-cancel banner,
Free-cancel banner,
Control,
Free-cancel banner,
Free-cancel banner,
Control,
Control,
Free-cancel banner,
Control,
Control,
Free-cancel banner,
Control,
Free-cancel banner,
Free-cancel banner,
Control,
Control,
Free-cancel banner,
Free-cancel banner,
Control,
Control,
Control,
Free-cancel banner,
Control,
Control,
Control,
Free-cancel banner,
Control,
Free-cancel banner,
Free-cancel banner,
Control,
Free-cancel banner,
Control,
Control,
Control,
Free-cancel banner,
Control,
Free-cancel banner,
Free-cancel banner,
Free-cancel banner,
Control,
Free-cancel banner,
Free-cancel banner,
Control,
Free-cancel banner,
Control,
Free-cancel banner,
Control,
Control,
Control,
Control,
Control,
Control,
Control,
Free-cancel banner,
Control,
Control,
Control,
Free-cancel banner,266.31
Free-cancel banner,
Free-cancel banner,
Control,
Free-cancel banner,
Free-cancel banner,
Free-cancel banner,
Free-cancel banner,
Control,
Control,
Control,
Control,
Control,
Control,
Control,
Free-cancel banner,
Control,
Free-cancel banner,
Free-cancel banner,
Free-cancel banner,
Free-cancel banner,
Control,
Control,
Control,533.52
Free-cancel banner,
Control,
Free-cancel banner,
Control,
Control,
Free-cancel banner,
Control,
Control,
Control,
Free-cancel banner,
Control,
Control,
Control,
Control,
Free-cancel banner,
Free-cancel banner,
Control,"750,04"
Control,$485.95
Free-cancel banner,
Control,
Free-cancel banner,
Control,
Free-cancel banner,
Control,
Control,
Control,
Control,
Control,
Control,
Free-cancel banner,
Control,
Free-cancel banner,
Free-cancel banner,"419,60"
Control,
Free-cancel banner,
Free-cancel banner,
Free-cancel banner,
Free-cancel banner,
Free-cancel banner,
Control,
Free-cancel banner,
Control,
Free-cancel banner,
Free-cancel banner,
Free-cancel banner,
Control,
Free-cancel banner,
Free-cancel banner,
Control,
Free-cancel banner,
Control,
Control,
Free-cancel banner,
Control,
Control,
Free-cancel banner,
Control,
Free-cancel banner,
Control,
Free-cancel banner,
Free-cancel banner,
Free-cancel banner,
Free-cancel banner,
Free-cancel banner,
Free-cancel banner,
Control,
Control,
Control,
Free-cancel banner,
Free-cancel banner,
Free-cancel banner,194.82
Free-cancel banner,
Free-cancel banner,
Free-cancel banner,
Free-cancel banner,
Control,
Free-cancel banner,
Control,
Free-cancel banner,
Control,
Control,
Free-cancel banner,
Control,
Control,
Control,
Free-cancel banner,
Free-cancel banner,
Control,
Free-cancel banner,944.36
Control,
Free-cancel banner,
Control,
Control,
Free-cancel banner,
Free-cancel banner,
Free-cancel banner,
Free-cancel banner,
Free-cancel banner,
Control,
Free-cancel banner,
Free-cancel banner,
Control,
Free-cancel banner,
Control,
Free-cancel banner,
Free-cancel banner,
Free-cancel banner,
Free-cancel banner,
Free-cancel banner,
Free-cancel banner,$394.06
Control,
Free-cancel banner,
Control,
Free-cancel banner,
Free-cancel banner,
Free-cancel banner,
Free-cancel banner,
Free-cancel banner,496.3
Free-cancel banner,
Free-cancel banner,
Free-cancel banner,
Free-cancel banner,
Free-cancel banner,
Free-cancel banner,
Control,
Free-cancel banner,
Control,
Control,
Control,
Control,
Free-cancel banner,
Free-cancel banner,
Control,
Control,
Control,
Free-cancel banner,
Control,
Control,
Control,
Control,
Control,
Free-cancel banner,
Control,
Control,
Free-cancel banner,
Control,
Free-cancel banner,
Free-cancel banner,
Free-cancel banner,
Control,
Free-cancel banner,
Control,
Free-cancel banner,
Free-cancel banner,
Control,
Free-cancel banner,
Free-cancel banner,
Control,
Free-cancel banner,
Control,
Free-cancel banner,
Control,
Free-cancel banner,
Free-cancel banner,
Free-cancel banner,
Free-cancel banner,
Free-cancel banner,
Control,
Control,
Control,
Free-cancel banner,
Control,
Free-cancel banner,
Control,
Free-cancel banner,
Control,
Control,
Control,
Control,
Control,
Control,
Free-cancel banner,
Control,
Control,
Control,
Free-cancel banner,824.55
Control,
Free-cancel banner,
Control,
Free-cancel banner,
Free-cancel banner,
Free-cancel banner,
Control,
Control,
Free-cancel banner,
Free-cancel banner,
Free-cancel banner,
Control,
Free-cancel banner,
Free-cancel banner,
Free-cancel banner,
Free-cancel banner,
Free-cancel banner,
Free-cancel banner,
Free-cancel banner,
Control,
Free-cancel banner,"340,89"
Control,
Free-cancel banner,
Free-cancel banner,
Control,
Free-cancel banner,
Free-cancel banner,
Free-cancel banner,
Control,
Free-cancel banner,
Free-cancel banner,
Control,
Free-cancel banner,
Control,
Control,
Control,
Free-cancel banner,
Control,
Control,
Control,
Control,
Free-cancel banner,
Control,
Free-cancel banner,
Free-cancel banner,
Free-cancel banner,
Free-cancel banner,
Free-cancel banner,
Free-cancel banner,
Free-cancel banner,
Control,
Free-cancel banner,
Control,
Control,
Free-cancel banner,
Free-cancel banner,
Free-cancel banner,
Control,
Free-cancel banner,
Control,
Free-cancel banner,430.67
Control,
Free-cancel banner,
Control,
Control,
Free-cancel banner,
Free-cancel banner,
Free-cancel banner,
Free-cancel banner,
Control,
Free-cancel banner,
Control,
Control,
Free-cancel banner,
Control,
Free-cancel banner,
Control,
Control,
Control,
Control,
Control,
Free-cancel banner,
Free-cancel banner,
Free-cancel banner,505.53
Control,
Control,621.74
Free-cancel banner,
Control,
Control,
Free-cancel banner,
Free-cancel banner,
Control,
Control,
Control,
Control,
Free-cancel banner,
Control,
Free-cancel banner,
Control,
Free-cancel banner,
Free-cancel banner,$692.52
Free-cancel banner,
Free-cancel banner,
Control,
Free-cancel banner,
Free-cancel banner,
Free-cancel banner,
Control,
Free-cancel banner,
Control,
Free-cancel banner,
Free-cancel banner,
Free-cancel banner,
Control,$384.08
Control,
Control,
Free-cancel banner,
Free-cancel banner,
Control,
Free-cancel banner,
Free-cancel banner,
Control,
Control,
Control,
Free-cancel banner,
Free-cancel banner,
Free-cancel banner,
Control,331.08
Control,
Control,
Control,
Free-cancel banner,
Free-cancel banner,
Free-cancel banner,
Free-cancel banner,
Control,
Free-cancel banner,
Free-cancel banner,
Control,
Free-cancel banner,
Control,
Control,
Free-cancel banner,
Control,
Control,
Control,
Free-cancel banner,
Free-cancel banner,
Free-cancel banner,
Free-cancel banner,
Free-cancel banner,
Control,
Free-cancel banner,
Free-cancel banner,
Control,
Free-cancel banner,
Control,
Control,
Control,
Control,
Control,
Control,
Free-cancel banner,
Free-cancel banner,
Control,
Control,
Free-cancel banner,
Control,
Control,
Control,
Free-cancel banner,
Free-cancel banner,
Control,
Control,
Free-cancel banner,
Control,
Control,
Control,
Free-cancel banner,
Control,
Control,
Free-cancel banner,
Control,
Free-cancel banner,
Control,
Free-cancel banner,
Control,
Free-cancel banner,
Free-cancel banner,
Control,
Control,
Free-cancel banner,
Control,
Free-cancel banner,
Control,
Control,
Control,
Control,
Free-cancel banner,
Control,
Control,
Free-cancel banner,
Free-cancel banner,
Free-cancel banner,
Free-cancel banner,
Control,
Free-cancel banner,
Free-cancel banner,
Free-cancel banner,
Control,
Control,
Control,
Free-cancel banner,
Control,
Control,
Free-cancel banner,
Free-cancel banner,
Control,
Control,
Free-cancel banner,
Control,
Free-cancel banner,
Free-cancel banner,
Free-cancel banner,
Free-cancel banner,
Free-cancel banner,
Free-cancel banner,
Control,$532.50
Control,
Control,
Control,
Control,
Free-cancel banner,
Control,
Free-cancel banner,
Free-cancel banner,
Free-cancel banner,
Free-cancel banner,
Control,
Control,
Control,
Control,$216.77
Free-cancel banner,
Free-cancel banner,
Free-cancel banner,
Control,
Control,
Free-cancel banner,
Control,
Control,
Control,
Control,
Control,
Control,
Free-cancel banner,
Control,
Free-cancel banner,
Control,
Free-cancel banner,
Control,
Free-cancel banner,
Free-cancel banner,615.06
Free-cancel banner,
Free-cancel banner,
Free-cancel banner,491.4
Free-cancel banner,
Free-cancel banner,
Free-cancel banner,
Control,
Control,
Control,
Control,
Control,
Free-cancel banner,
Control,
Control,
Control,
Free-cancel banner,
Free-cancel banner,
Control,
Free-cancel banner,
Free-cancel banner,
Free-cancel banner,
Free-cancel banner,
Control,
Control,
Free-cancel banner,
Free-cancel banner,
Control,
Free-cancel banner,
Free-cancel banner,
Free-cancel banner,
Free-cancel banner,
Control,
Free-cancel banner,
Free-cancel banner,
Free-cancel banner,
Free-cancel banner,
Control,
Free-cancel banner,
Free-cancel banner,
Free-cancel banner,
Free-cancel banner,
Free-cancel banner,
Free-cancel banner,
Control,
Free-cancel banner,
Control,
Free-cancel banner,
Control,
Control,
Free-cancel banner,
Free-cancel banner,
Free-cancel banner,
Free-cancel banner,
Free-cancel banner,
Control,
Control,
Control,"149,54"
Free-cancel banner,
Free-cancel banner,
Control,
Free-cancel banner,
Control,
Free-cancel banner,
Control,
Free-cancel banner,
Control,
Control,
Free-cancel banner,
Control,
Free-cancel banner,
Free-cancel banner,
Free-cancel banner,
Free-cancel banner,
Control,
Free-cancel banner,282.76
Free-cancel banner,
Control,$348.45
Control,
Control,
Control,
Free-cancel banner,
Control,
Control,
Free-cancel banner,376.73
Free-cancel banner,
Free-cancel banner,
Free-cancel banner,
Control,
Control,
Free-cancel banner,
Control,
Free-cancel banner,
Control,
Control,
Free-cancel banner,
Free-cancel banner,
Control,$341.95
Free-cancel banner,
Free-cancel banner,
Control,
Free-cancel banner,
Free-cancel banner,
Control,
Control,
Control,
Control,
Control,
Free-cancel banner,
Control,
Free-cancel banner,
Control,
Control,
Free-cancel banner,
Free-cancel banner,
Control,
Free-cancel banner,
Control,
Control,
Free-cancel banner,
Control,
Free-cancel banner,
Free-cancel banner,
Control,
Control,
Control,
Control,
Free-cancel banner,
Free-cancel banner,
Free-cancel banner,
Free-cancel banner,
Free-cancel banner,
Free-cancel banner,
Control,
Control,
Free-cancel banner,
Control,
Control,
Control,
Control,
Free-cancel banner,
Control,
Control,
Free-cancel banner,
Free-cancel banner,
Control,"415,32"
Control,
Free-cancel banner,
Control,
Control,
Control,
Free-cancel banner,
Free-cancel banner,
Free-cancel banner,$341.69
Control,
Free-cancel banner,
Control,
Free-cancel banner,
Control,
Control,
Control,
Free-cancel banner,
Free-cancel banner,
Control,
Control,
Control,
Control,
Free-cancel banner,
Control,
Free-cancel banner,
Control,
Control,
Control,
Free-cancel banner,
Control,
Free-cancel banner,
Free-cancel banner,
Free-cancel banner,
Control,
Control,
Free-cancel banner,
Control,
Control,
Free-cancel banner,
Control,
Control,
Control,
Control,
Free-cancel banner,
Free-cancel banner,
Free-cancel banner,
Control,
Control,
Control,
Free-cancel banner,
Free-cancel banner,
Free-cancel banner,
Free-cancel banner,
Free-cancel banner,
Control,
Control,
Control,
Control,
Free-cancel banner,
Control,
Control,
Free-cancel banner,
Control,
Control,
Control,
Control,
Control,
Control,
Free-cancel banner,
Free-cancel banner,
Free-cancel banner,"$1,303.27"
Free-cancel banner,
Control,
Free-cancel banner,
Free-cancel banner,
Control,
Control,
Free-cancel banner,
Control,
Free-cancel banner,
Control,
Control,
Control,
Free-cancel banner,
Free-cancel banner,
Free-cancel banner,
Free-cancel banner,
Free-cancel banner,
Free-cancel banner,
Control,
Control,
Free-cancel banner,
Control,
Control,
Control,
Control,
Control,
Control,
Free-cancel banner,
Free-cancel banner,
Free-cancel banner,
Control,
Control,
Free-cancel banner,
Control,
Free-cancel banner,
Free-cancel banner,
Control,
Free-cancel banner,
Control,
Control,
Control,
Control,
Free-cancel banner,
Free-cancel banner,
Control,
Control,
Free-cancel banner,
Free-cancel banner,
Free-cancel banner,
Free-cancel banner,
Free-cancel banner,
Free-cancel banner,
Free-cancel banner,
Free-cancel banner,
Control,
Free-cancel banner,
Free-cancel banner,
Free-cancel banner,
Free-cancel banner,
Free-cancel banner,
Control,
Control,
Free-cancel banner,
Control,
Free-cancel banner,439.63
Free-cancel banner,
Control,
Control,$315.74
Free-cancel banner,
Control,
Control,
Control,
Control,
Control,
Control,
Control,
Free-cancel banner,728.47
Free-cancel banner,
Control,
Free-cancel banner,
Control,
Control,
Control,
Free-cancel banner,
Control,
Free-cancel banner,
Control,
Control,
Control,
Control,
Control,
Control,
Control,
Control,
Free-cancel banner,
Control,
Free-cancel banner,
Control,
Free-cancel banner,
Control,
Free-cancel banner,
Control,
Control,
Free-cancel banner,
Free-cancel banner,
Control,
Free-cancel banner,
Control,
Control,
Control,
Control,
Free-cancel banner,
Free-cancel banner,
Control,
Free-cancel banner,
Free-cancel banner,
Control,
Free-cancel banner,
Control,
Free-cancel banner,
Free-cancel banner,
Free-cancel banner,
Free-cancel banner,
Free-cancel banner,
Control,
Control,
Control,
Control,
Control,
Free-cancel banner,
Free-cancel banner,
Control,
Free-cancel banner,
Control,
Control,
Free-cancel banner,
Free-cancel banner,
Free-cancel banner,
Free-cancel banner,
Free-cancel banner,
Control,
Free-cancel banner,
Control,
Control,
Free-cancel banner,
Free-cancel banner,
Free-cancel banner,
Free-cancel banner,
Free-cancel banner,
Free-cancel banner,
Control,
Control,
Control,
Control,
Free-cancel banner,
Control,
Control,
Free-cancel banner,
Free-cancel banner,
Free-cancel banner,1534.5
Free-cancel banner,
Control,
Control,
Control,
Free-cancel banner,
Control,
Control,
Control,
Control,
Control,"470,50"
Control,
Free-cancel banner,
Free-cancel banner,
Free-cancel banner,
Free-cancel banner,
Free-cancel banner,
Free-cancel banner,
Free-cancel banner,"347,58"
Control,
Free-cancel banner,
Free-cancel banner,
Free-cancel banner,
Free-cancel banner,
Control,
Free-cancel banner,
Free-cancel banner,
Control,
Control,
Control,
Control,
Control,
Control,
Free-cancel banner,
Control,
Control,
Control,
Control,
Free-cancel banner,
Free-cancel banner,
Free-cancel banner,
Control,
Control,
Free-cancel banner,
Control,
Control,
Control,
Control,
Free-cancel banner,
Control,
Control,
Control,$646.20
Control,
Free-cancel banner,
Control,
Free-cancel banner,
Free-cancel banner,
Free-cancel banner,
Control,
Free-cancel banner,
Control,
Control,
Control,
Control,
Free-cancel banner,
Free-cancel banner,
Free-cancel banner,
Free-cancel banner,
Control,
Control,
Free-cancel banner,
Control,
Free-cancel banner,
Control,
Free-cancel banner,
Free-cancel banner,
Free-cancel banner,
Control,
Control,
Control,
Control,
Free-cancel banner,
Free-cancel banner,379.14
Free-cancel banner,
Control,
Control,
Control,
Control,
Free-cancel banner,
Free-cancel banner,
Free-cancel banner,
Free-cancel banner,$499.48
Free-cancel banner,
Free-cancel banner,
Control,
Free-cancel banner,
Control,
Control,
Free-cancel banner,
Control,
Free-cancel banner,
Control,
Control,
Control,
Free-cancel banner,
Free-cancel banner,
Free-cancel banner,
Free-cancel banner,427.47
Control,
Free-cancel banner,
Control,
Control,
Control,
Free-cancel banner,
Free-cancel banner,
Free-cancel banner,
Free-cancel banner,
Free-cancel banner,
Control,
Control,
Control,
Control,
Free-cancel banner,
Free-cancel banner,
Control,
Free-cancel banner,
Free-cancel banner,
Free-cancel banner,
Control,
Control,
Control,469.37
Free-cancel banner,
Control,
Control,
Control,
Free-cancel banner,
Free-cancel banner,
Control,
Control,
Control,
Free-cancel banner,
Free-cancel banner,
Control,
Free-cancel banner,
Free-cancel banner,
Free-cancel banner,
Free-cancel banner,
Free-cancel banner,
Free-cancel banner,
Free-cancel banner,
Control,
Free-cancel banner,
Free-cancel banner,
Control,
Free-cancel banner,
Free-cancel banner,
Control,
Free-cancel banner,
Free-cancel banner,
Control,
Control,
Control,
Control,
Free-cancel banner,
Free-cancel banner,"$1,253.34"
Free-cancel banner,
Free-cancel banner,
Control,
Free-cancel banner,
Control,474.58
Control,
Control,
Free-cancel banner,
Control,
Control,
Free-cancel banner,
Free-cancel banner,
Free-cancel banner,
Control,
Free-cancel banner,
Control,
Free-cancel banner,
Free-cancel banner,
Control,
Free-cancel banner,
Control,
Free-cancel banner,
Free-cancel banner,
Free-cancel banner,
Free-cancel banner,
Free-cancel banner,
Free-cancel banner,
Free-cancel banner,
Control,
Free-cancel banner,
Free-cancel banner,
Free-cancel banner,
Control,
Free-cancel banner,
Control,
Free-cancel banner,
Control,
Free-cancel banner,
Control,
Free-cancel banner,
Control,
Control,
Control,
Free-cancel banner,
Free-cancel banner,
Free-cancel banner,
Free-cancel banner,
Free-cancel banner,
Free-cancel banner,
Free-cancel banner,
Control,
Free-cancel banner,
Free-cancel banner,
Control,
Free-cancel banner,
Free-cancel banner,
Free-cancel banner,
Free-cancel banner,
Free-cancel banner,
Free-cancel banner,378.64
Control,
Control,
Free-cancel banner,
Free-cancel banner,
Free-cancel banner,
Control,$757.58
Control,
Free-cancel banner,
Free-cancel banner,
Control,
Control,
Control,
Free-cancel banner,$542.78
Control,
Control,
Free-cancel banner,
Control,
Free-cancel banner,
Control,
Control,362.55
Control,
Control,197.04
Free-cancel banner,
Free-cancel banner,
Control,
Free-cancel banner,
Free-cancel banner,
Control,
Free-cancel banner,
Control,
Control,
Control,795.92
Free-cancel banner,
Free-cancel banner,
Free-cancel banner,
Control,
Free-cancel banner,
Free-cancel banner,
Control,
Control,
Free-cancel banner,
Control,
Control,
Control,
Control,515.17
Control,
Free-cancel banner,"218,47"
Free-cancel banner,
Free-cancel banner,
Control,
Free-cancel banner,
Control,554.1
Control,
Control,
Control,
Free-cancel banner,
Control,
Free-cancel banner,
Control,
Control,
Control,
Free-cancel banner,
Free-cancel banner,
Control,
Free-cancel banner,640.53
Control,
Free-cancel banner,
Free-cancel banner,
Control,
Control,
Control,
Control,
Free-cancel banner,
Control,
Control,
Free-cancel banner,
Control,
Control,
Free-cancel banner,
Control,
Free-cancel banner,
Free-cancel banner,
Free-cancel banner,
Control,
Control,$545.67
Free-cancel banner,
Free-cancel banner,
Control,
Free-cancel banner,
Free-cancel banner,
Control,
Control,$442.88
Free-cancel banner,
Control,
Free-cancel banner,
Free-cancel banner,335.8
Free-cancel banner,
Free-cancel banner,
Free-cancel banner,
Control,
Control,
Control,
Control,
Control,
Control,
Free-cancel banner,
Control,
Control,
Free-cancel banner,
Control,
Control,
Control,
Free-cancel banner,
Control,
Control,
Control,
Control,
Control,
Free-cancel banner,
Free-cancel banner,
Free-cancel banner,
Free-cancel banner,
Control,
Control,
Control,
Control,
Free-cancel banner,
Free-cancel banner,
Control,
Control,
Control,
Control,
Free-cancel banner,
Control,
Control,$671.25
Free-cancel banner,
Control,
Free-cancel banner,
Free-cancel banner,
Control,
Free-cancel banner,
Control,
Free-cancel banner,
Control,
Free-cancel banner,
Free-cancel banner,
Free-cancel banner,
Free-cancel banner,
Free-cancel banner,
Free-cancel banner,1284.54
Control,
Control,
Control,
Free-cancel banner,
Control,
Free-cancel banner,
Free-cancel banner,
Control,
Control,
Free-cancel banner,
Free-cancel banner,
Free-cancel banner,
Free-cancel banner,
Free-cancel banner,
Free-cancel banner,
Free-cancel banner,
Control,
Control,
Control,
Control,346.81
Free-cancel banner,
Control,
Free-cancel banner,
Control,
Control,
Free-cancel banner,
Free-cancel banner,
Control,
Control,
Control,
Free-cancel banner,
Free-cancel banner,
Free-cancel banner,
Free-cancel banner,
Control,
Free-cancel banner,
Control,
Free-cancel banner,
Control,
Free-cancel banner,
Control,
Control,
Control,
Control,
Free-cancel banner,
Control,
Free-cancel banner,
Free-cancel banner,
Control,
Control,
Control,
Free-cancel banner,
Control,
Free-cancel banner,
Control,
Free-cancel banner,
Control,
Free-cancel banner,
Control,
Free-cancel banner,
Control,
Free-cancel banner,
Free-cancel banner,
Free-cancel banner,
Free-cancel banner,
Control,
Free-cancel banner,
Free-cancel banner,
Control,
Control,
Free-cancel banner,
Free-cancel banner,
Control,
Control,
Free-cancel banner,
Control,
Free-cancel banner,
Free-cancel banner,428.73
Control,
Free-cancel banner,
Control,
Free-cancel banner,
Control,
Free-cancel banner,$964.27
Free-cancel banner,$302.36
Control,
Control,
Control,690.65
Free-cancel banner,
Control,
Control,
Free-cancel banner,
Free-cancel banner,
Free-cancel banner,
Free-cancel banner,
Control,
Control,
Control,
Free-cancel banner,
Control,
Control,
Control,
Free-cancel banner,
Free-cancel banner,
Control,
Control,
Free-cancel banner,
Control,
Free-cancel banner,
Control,
Free-cancel banner,
Free-cancel banner,
Free-cancel banner,
Control,
Control,
Control,
Free-cancel banner,
Free-cancel banner,
Control,
Free-cancel banner,
Free-cancel banner,
Control,
Free-cancel banner,
Free-cancel banner,
Free-cancel banner,
Free-cancel banner,
Free-cancel banner,
Free-cancel banner,
Control,
Control,
Control,
Control,
Free-cancel banner,
Free-cancel banner,
Control,
Control,
Control,
Control,
Free-cancel banner,
Free-cancel banner,
Control,
Free-cancel banner,
Free-cancel banner,
Control,
Control,
Free-cancel banner,
Control,
Control,
Free-cancel banner,
Control,
Free-cancel banner,
Free-cancel banner,
Free-cancel banner,
Control,
Control,
Control,
Control,
Control,
Control,
Free-cancel banner,
Control,
Free-cancel banner,
Control,
Free-cancel banner,
Free-cancel banner,
Free-cancel banner,
Control,
Free-cancel banner,
Control,
Free-cancel banner,
Control,
Control,
Control,
Free-cancel banner,
Control,
Free-cancel banner,
Control,
Free-cancel banner,
Control,
Free-cancel banner,
Free-cancel banner,
Control,
Control,
Free-cancel banner,
Control,
Control,
Free-cancel banner,$595.60
Control,
Free-cancel banner,
Control,
Control,
Control,
Free-cancel banner,
Control,
Control,
Control,
Free-cancel banner,
Control,
Free-cancel banner,
Control,
Free-cancel banner,
Free-cancel banner,
Free-cancel banner,
Control,
Control,
Control,
Free-cancel banner,
Control,
Control,
Free-cancel banner,
Control,
Free-cancel banner,
Control,
Control,
Free-cancel banner,
Free-cancel banner,
Free-cancel banner,
Control,
Control,
Control,$433.41
Control,
Free-cancel banner,
Control,
Free-cancel banner,
Control,
Control,
Control,
Control,
Control,
Free-cancel banner,
Free-cancel banner,
Control,
Free-cancel banner,
Control,
Free-cancel banner,
Control,
Control,
Control,"$1,137.83"
Control,
Control,
Control,
Control,
Free-cancel banner,
Free-cancel banner,
Control,
Free-cancel banner,
Free-cancel banner,
Control,
Free-cancel banner,
Control,
Free-cancel banner,
Control,
Free-cancel banner,
Free-cancel banner,
Control,
Free-cancel banner,
Control,
Free-cancel banner,
Free-cancel banner,
Free-cancel banner,
Control,
Control,
Free-cancel banner,
Control,
Free-cancel banner,
Free-cancel banner,
Control,
Control,
Control,
Free-cancel banner,
Control,
Control,
Free-cancel banner,
Free-cancel banner,
Control,
Control,
Free-cancel banner,
Free-cancel banner,
Free-cancel banner,
Control,
Control,
Free-cancel banner,
Control,
Free-cancel banner,
Free-cancel banner,
Free-cancel banner,
Control,
Free-cancel banner,
Control,
Control,
Free-cancel banner,
Free-cancel banner,
Control,
Free-cancel banner,
Free-cancel banner,
Free-cancel banner,
Control,
Control,
Control,
Free-cancel banner,
Control,
Control,
Free-cancel banner,
Free-cancel banner,
Free-cancel banner,
Control,
Free-cancel banner,
Free-cancel banner,
Control,
Free-cancel banner,
Free-cancel banner,
Control,
Control,
Free-cancel banner,
Control,
Free-cancel banner,
Control,
Control,
Control,
Free-cancel banner,
Control,
Control,
Free-cancel banner,
Control,
Free-cancel banner,
Control,
Free-cancel banner,
Control,
Free-cancel banner,
Free-cancel banner,
Control,
Control,
Free-cancel banner,"429,59"
Control,
Control,
Control,
Free-cancel banner,
Free-cancel banner,
Free-cancel banner,
Control,
Free-cancel banner,
Free-cancel banner,
Free-cancel banner,
Free-cancel banner,
Control,
Control,
Free-cancel banner,
Control,
Free-cancel banner,
Control,
Free-cancel banner,
Control,
Free-cancel banner,491.54
Free-cancel banner,
Free-cancel banner,
Free-cancel banner,
Control,
Control,
Free-cancel banner,759.48
Control,
Control,
Free-cancel banner,
Free-cancel banner,
Control,
Free-cancel banner,
Control,
Free-cancel banner,
Free-cancel banner,
Control,
Control,
Free-cancel banner,
Free-cancel banner,
Control,
Free-cancel banner,
Control,
Free-cancel banner,
Control,
Control,
Free-cancel banner,$727.88
Control,
Control,
Free-cancel banner,
Free-cancel banner,
Control,
Free-cancel banner,
Control,
Control,
Control,
Free-cancel banner,
Control,
Control,
Free-cancel banner,
Free-cancel banner,$439.28
Control,
Free-cancel banner,
Free-cancel banner,
Free-cancel banner,
Control,
Control,
Free-cancel banner,
Control,
Control,
Control,
Free-cancel banner,
Control,
Control,
Control,
Free-cancel banner,
Control,
Control,
Free-cancel banner,
Control,
Free-cancel banner,
Control,
Free-cancel banner,
Control,
Control,
Free-cancel banner,
Control,
Free-cancel banner,
Free-cancel banner,
Free-cancel banner,
Free-cancel banner,
Control,
Control,
Free-cancel banner,
Control,
Free-cancel banner,
Free-cancel banner,
Free-cancel banner,
Free-cancel banner,
Control,
Control,
Control,
Control,
Control,
Free-cancel banner,
Free-cancel banner,
Control,
Free-cancel banner,164.23
Control,
Free-cancel banner,
Free-cancel banner,
Control,
Free-cancel banner,535.57
Control,
Control,
Free-cancel banner,
Free-cancel banner,
Control,
Control,
Free-cancel banner,$500.99
Free-cancel banner,
Free-cancel banner,
Free-cancel banner,
Free-cancel banner,
Control,
Control,
Control,
Free-cancel banner,
Free-cancel banner,415.4
Control,
Free-cancel banner,
Free-cancel banner,$542.71
Free-cancel banner,
Free-cancel banner,
Free-cancel banner,
Free-cancel banner,
Control,
Free-cancel banner,
Free-cancel banner,
Control,
Control,
Control,
Free-cancel banner,
Free-cancel banner,
Free-cancel banner,
Control,
Free-cancel banner,
Free-cancel banner,
Free-cancel banner,
Control,
Control,
Control,
Control,
Free-cancel banner,
Free-cancel banner,
Free-cancel banner,
Free-cancel banner,
Control,
Control,
Control,
Control,$470.15
Free-cancel banner,
Free-cancel banner,
Control,
Free-cancel banner,250.77
Control,
Free-cancel banner,
Free-cancel banner,
Control,
Control,
Control,
Free-cancel banner,
Control,
Control,351.61
Free-cancel banner,
Free-cancel banner,
Free-cancel banner,
Free-cancel banner,
Free-cancel banner,
Free-cancel banner,
Free-cancel banner,
Control,
Free-cancel banner,
Free-cancel banner,
Free-cancel banner,
Control,
Free-cancel banner,
Control,
Free-cancel banner,
Control,
Free-cancel banner,
Control,
Control,
Free-cancel banner,
Free-cancel banner,
Control,
Free-cancel banner,
Free-cancel banner,
Free-cancel banner,
Control,
Control,
Control,
Free-cancel banner,
Control,
Free-cancel banner,
Control,
Free-cancel banner,
Control,
Control,
Free-cancel banner,
Free-cancel banner,
Control,
Control,889.73
Free-cancel banner,
Control,
Control,
Free-cancel banner,
Control,
Control,
Control,"$1,220.89"
Free-cancel banner,426.2
Control,
Free-cancel banner,
Control,
Free-cancel banner,$177.70
Control,
Free-cancel banner,
Free-cancel banner,
Control,
Free-cancel banner,
Free-cancel banner,
Control,
Control,
Free-cancel banner,
Control,
Control,
Free-cancel banner,
Control,
Control,
Control,
Control,
Free-cancel banner,
Free-cancel banner,
Free-cancel banner,
Free-cancel banner,
Control,
Control,
Free-cancel banner,
Free-cancel banner,
Free-cancel banner,
Free-cancel banner,
Control,
Control,
Control,
Control,
Free-cancel banner,
Free-cancel banner,804.91
Free-cancel banner,
Free-cancel banner,
Control,
Free-cancel banner,
Control,
Control,
Control,
Free-cancel banner,
Control,
Free-cancel banner,
Free-cancel banner,
Control,
Control,
Control,493.96
Free-cancel banner,
Free-cancel banner,
Free-cancel banner,
Free-cancel banner,(335.90)
Control,
Control,
Control,
Free-cancel banner,
Control,
Control,
Free-cancel banner,
Control,
Free-cancel banner,
Free-cancel banner,
Control,
Control,
Free-cancel banner,
Free-cancel banner,
Free-cancel banner,
Control,
Control,
Free-cancel banner,
Free-cancel banner,
Free-cancel banner,
Control,
Free-cancel banner,$280.90
Control,$551.76
Free-cancel banner,
Control,
Control,
Control,
Control,
Control,
Free-cancel banner,
Free-cancel banner,
Control,
Control,
Free-cancel banner,
Free-cancel banner,
Free-cancel banner,
Free-cancel banner,
Control,
Control,
Control,
Control,339.43
Control,
Free-cancel banner,
Control,
Control,
Control,
Control,
Control,
Control,
Free-cancel banner,
Control,
Control,
Control,
Control,
Control,
Free-cancel banner,
Free-cancel banner,
Control,
Free-cancel banner,
Free-cancel banner,
Control,
Control,718.4
Free-cancel banner,
Free-cancel banner,
Control,
Free-cancel banner,
Control,
Control,
Control,
Free-cancel banner,
Control,
Free-cancel banner,
Free-cancel banner,
Free-cancel banner,
Free-cancel banner,
Free-cancel banner,
Control,
Control,
Free-cancel banner,
Free-cancel banner,
Free-cancel banner,
Free-cancel banner,
Free-cancel banner,
Control,
Control,
Free-cancel banner,
Free-cancel banner,
Free-cancel banner,
Control,
Free-cancel banner,
Control,
Control,
Free-cancel banner,
Control,
Free-cancel banner,
Control,
Control,
Free-cancel banner,
Control,
Free-cancel banner,
Control,
Control,
Control,
Free-cancel banner,
Free-cancel banner,
Free-cancel banner,
Control,
Free-cancel banner,
Free-cancel banner,
Control,
Control,
Free-cancel banner,
Free-cancel banner,
Control,
Free-cancel banner,
Control,
Control,
Control,
Free-cancel banner,
Free-cancel banner,
Free-cancel banner,
Free-cancel banner,
Free-cancel banner,
Control,
Control,
Control,
Free-cancel banner,
Control,
Control,
Free-cancel banner,
Free-cancel banner,
Control,
Control,
Free-cancel banner,
Free-cancel banner,
Control,
Free-cancel banner,
Control,
Control,
Free-cancel banner,
Free-cancel banner,
Free-cancel banner,
Control,
Control,
Free-cancel banner,
Control,
Free-cancel banner,
Free-cancel banner,
Free-cancel banner,
Control,
Control,
Free-cancel banner,
Control,
Free-cancel banner,
Free-cancel banner,
Free-cancel banner,
Control,
Free-cancel banner,
Free-cancel banner,
Free-cancel banner,
Control,
Control,
Free-cancel banner,
Free-cancel banner,
Free-cancel banner,
Free-cancel banner,
Free-cancel banner,
Control,
Free-cancel banner,
Control,
Control,
Control,
Free-cancel banner,(559.26)
Free-cancel banner,
Free-cancel banner,
Free-cancel banner,
Control,
Free-cancel banner,"295,79"
Free-cancel banner,
Control,
Control,
Control,
Free-cancel banner,
Control,
Control,
Control,
Control,
Control,
Control,
Free-cancel banner,
Free-cancel banner,
Control,
Control,
Free-cancel banner,
Control,
Free-cancel banner,
Free-cancel banner,
Free-cancel banner,
Control,
Control,
Control,
Control,
Free-cancel banner,
Control,
Control,855.38
Control,1098.64
Control,
Control,
Control,
Control,
Free-cancel banner,
Free-cancel banner,
Free-cancel banner,
Control,
Free-cancel banner,
Free-cancel banner,
Control,
Control,
Free-cancel banner,
Control,
Free-cancel banner,
Free-cancel banner,
Control,
Free-cancel banner,
Free-cancel banner,529.43
Control,1062.46
Control,
Control,
Free-cancel banner,
Control,
Control,
Free-cancel banner,
Control,
Free-cancel banner,
Free-cancel banner,
Control,
Control,
Control,
Free-cancel banner,
Free-cancel banner,
Free-cancel banner,
Control,
Control,
Free-cancel banner,
Control,
Control,
Control,
Free-cancel banner,
Free-cancel banner,
Control,
Free-cancel banner,$422.93
Control,
Free-cancel banner,
Control,
Control,
Control,
Free-cancel banner,
Control,
Control,
Free-cancel banner,
Free-cancel banner,
Free-cancel banner,
Control,
Control,
Control,
Free-cancel banner,
Control,
Free-cancel banner,
Free-cancel banner,$425.17
Control,
Control,
Control,
Free-cancel banner,
Control,
Control,
Control,
Free-cancel banner,
Control,
Free-cancel banner,
Free-cancel banner,
Free-cancel banner,
Free-cancel banner,
Control,
Control,
Free-cancel banner,
Control,
Free-cancel banner,
Free-cancel banner,
Control,
Free-cancel banner,
Control,
Control,
Free-cancel banner,
Free-cancel banner,
Free-cancel banner,
Control,
Free-cancel banner,
Control,689.9
Control,
Free-cancel banner,
Free-cancel banner,
Free-cancel banner,
Control,
Free-cancel banner,
Control,
Control,
Control,
Free-cancel banner,
Free-cancel banner,
Control,
Control,
Control,
Free-cancel banner,387.5
Free-cancel banner,
Control,
Control,
Free-cancel banner,
Control,
Free-cancel banner,
Free-cancel banner,
Control,
Free-cancel banner,
Control,
Control,
Control,
Free-cancel banner,
Control,
Control,$376.50
Control,
Control,
Free-cancel banner,
Control,
Control,
Free-cancel banner,
Control,
Control,
Control,
Control,
Free-cancel banner,
Free-cancel banner,
Free-cancel banner,
Control,
Free-cancel banner,
Free-cancel banner,
Free-cancel banner,
Control,
Control,
Control,
Control,
Control,
Free-cancel banner,
Control,
Control,
Control,579.11
Control,
Control,
Control,
Free-cancel banner,
Free-cancel banner,
Free-cancel banner,
Control,
Free-cancel banner,
Free-cancel banner,
Control,
Control,
Free-cancel banner,
Free-cancel banner,
Free-cancel banner,
Free-cancel banner,
Control,
Free-cancel banner,
Control,
Control,
Control,
Free-cancel banner,
Control,
Free-cancel banner,
Control,
Free-cancel banner,
Control,475.72
Control,
Free-cancel banner,
Control,
Control,
Control,
Control,
Free-cancel banner,
Free-cancel banner,
Control,
Control,
Free-cancel banner,
Free-cancel banner,
Control,
Control,
Free-cancel banner,
Free-cancel banner,
Free-cancel banner,
Control,
Control,
Control,
Control,516.19
Free-cancel banner,
Control,
Control,
Free-cancel banner,
Control,$577.96
Free-cancel banner,
Control,
Control,
Free-cancel banner,
Control,
Control,
Control,
Control,
Free-cancel banner,
Control,
Free-cancel banner,
Control,
Free-cancel banner,
Free-cancel banner,
Control,
Free-cancel banner,
Control,
Free-cancel banner,
Free-cancel banner,
Free-cancel banner,
Free-cancel banner,
Free-cancel banner,
Free-cancel banner,
Free-cancel banner,
Free-cancel banner,
Control,
Free-cancel banner,
Control,
Free-cancel banner,
